"","sequence_id","D300038.lib1","D300040.lib1","D300042.lib1","D300044.lib1","D300046.lib1","D300048.lib1","D300050.lib1","D300053.lib1","D300055.lib1","D300057.lib1","D300059.lib1","D300061.lib1","D300063.lib1","D300065.lib1","D300068.lib1","D300038.lib1.1","D300040.lib1.1","D300042.lib1.1","D300044.lib1.1","D300046.lib1.1","D300048.lib1.1","D300050.lib1.1","D300053.lib1.1","D300055.lib1.1","D300063.lib1.1","D300065.lib1.1","D300068.lib1.1","D300057.lib1.1","D300059.lib1.1","D300061.lib1.1"
"1","D300038:bin_000002",288899,190312,35479,116358,12905,13493,9383,106297,19,39150,47423,74446,197412,10483,45602,288899,190312,35479,116358,12905,13493,9383,106297,19,197412,10483,45602,39150,47423,74446
"2","D300038:bin_000004",410700,85225,43906,143124,100801,63726,273960,94210,88305,40530,226871,197660,89070,104602,48209,410700,85225,43906,143124,100801,63726,273960,94210,88305,89070,104602,48209,40530,226871,197660
"3","D300038:bin_000006",476331,126035,888,34969,8357,6026,22346,107205,26062,10257,8681,18890,406118,16980,11235,476331,126035,888,34969,8357,6026,22346,107205,26062,406118,16980,11235,10257,8681,18890
"4","D300038:bin_000008",1370953,11436,30921,40473,24179,23015,21955,24037,36965,15094,17031,27150,23880,36516,22955,1370953,11436,30921,40473,24179,23015,21955,24037,36965,23880,36516,22955,15094,17031,27150
"5","D300038:bin_000012",651150,1547489,1490243,1683035,114072,8874,88679,2019293,5561,48472,17337,2865360,6777342,404532,18729,651150,1547489,1490243,1683035,114072,8874,88679,2019293,5561,6777342,404532,18729,48472,17337,2865360
"6","D300038:bin_000014",664706,203403,7347,693624,27409,261339,36973,40830,166473,161043,103987,677271,236666,219698,136638,664706,203403,7347,693624,27409,261339,36973,40830,166473,236666,219698,136638,161043,103987,677271
"7","D300038:bin_000017",326989,730303,71598,4400,85870,106,137776,9646,24,8790,86131,290389,230753,241196,37,326989,730303,71598,4400,85870,106,137776,9646,24,230753,241196,37,8790,86131,290389
"8","D300038:bin_000022",741629,2533,3360,921,3561,693,8062,2744,1285,935,15944,2581,918,1414,1290,741629,2533,3360,921,3561,693,8062,2744,1285,918,1414,1290,935,15944,2581
"9","D300038:bin_000025",583474,567509,7835,675465,321932,18057,103341,245505,49704,163682,14522,106343,3582,19931,246527,583474,567509,7835,675465,321932,18057,103341,245505,49704,3582,19931,246527,163682,14522,106343
"10","D300038:bin_000030",179417,744162,1450,46572,12516,36271,47092,144269,20385,24356,296329,105749,40539,49362,7836,179417,744162,1450,46572,12516,36271,47092,144269,20385,40539,49362,7836,24356,296329,105749
"11","D300038:bin_000034",12869748,43430,47544,1594308,3554724,7079058,6856111,4363617,6305968,273106,228603,4137179,8402871,7011841,7998301,12869748,43430,47544,1594308,3554724,7079058,6856111,4363617,6305968,8402871,7011841,7998301,273106,228603,4137179
"12","D300038:bin_000037",342862,633,311,310685,286846,74189,9583,226488,209913,40757,87471,23446,154387,104250,63067,342862,633,311,310685,286846,74189,9583,226488,209913,154387,104250,63067,40757,87471,23446
"13","D300040:bin_000005",2885,1305702,613,10065,14532,2649,7673,13785,6538,1778,48632,1476,5784,11873,2773,2885,1305702,613,10065,14532,2649,7673,13785,6538,5784,11873,2773,1778,48632,1476
"14","D300040:bin_000007",80141,314330,2129,266276,37336,27477,115399,205520,32126,67279,53880,312175,366218,67517,30808,80141,314330,2129,266276,37336,27477,115399,205520,32126,366218,67517,30808,67279,53880,312175
"15","D300040:bin_000008",3687,502525,6284,39395,37360,10251,7310,104059,19515,187094,12972,590998,744745,2944,5114,3687,502525,6284,39395,37360,10251,7310,104059,19515,744745,2944,5114,187094,12972,590998
"16","D300040:bin_000012",162820,1925925,54885,1898558,76018,527393,67395,164173,336819,412141,297082,409312,805692,587405,376387,162820,1925925,54885,1898558,76018,527393,67395,164173,336819,805692,587405,376387,412141,297082,409312
"17","D300040:bin_000013",24988,596447,5571325,351418,847407,6746,16988,170495,17020,9822,14753,17698,617454,23027,47320,24988,596447,5571325,351418,847407,6746,16988,170495,17020,617454,23027,47320,9822,14753,17698
"18","D300040:bin_000014",418150,1095951,7199,195356,365335,182630,138331,131446,1061103,139504,491932,674947,402289,127517,275745,418150,1095951,7199,195356,365335,182630,138331,131446,1061103,402289,127517,275745,139504,491932,674947
"19","D300040:bin_000015",1845,300529,23,13666,1134,665,4014,4980,1561,6980,3693,425297,99544,1110,398,1845,300529,23,13666,1134,665,4014,4980,1561,99544,1110,398,6980,3693,425297
"20","D300040:bin_000016",105613,209233,12427,26466,31745,16614,101123,69450,27596,17067,16827,96452,41484,62400,17302,105613,209233,12427,26466,31745,16614,101123,69450,27596,41484,62400,17302,17067,16827,96452
"21","D300040:bin_000022",419505,387041,6418,158,152752,60,191734,36884,91,67,157524,797183,445062,214441,17675,419505,387041,6418,158,152752,60,191734,36884,91,445062,214441,17675,67,157524,797183
"22","D300040:bin_000024",251550,5260858,102085,8435774,348318,1947885,3557492,1291396,3172571,2565926,1508569,3845993,1901752,196042,1993270,251550,5260858,102085,8435774,348318,1947885,3557492,1291396,3172571,1901752,196042,1993270,2565926,1508569,3845993
"23","D300040:bin_000029",6292,209494,401,231327,4572,10933,39293,49875,9267,6314,39198,96057,2987,18461,12716,6292,209494,401,231327,4572,10933,39293,49875,9267,2987,18461,12716,6314,39198,96057
"24","D300040:bin_000034",19605,155242,495,9695,15022,2620,33532,40015,29682,8678,99950,42397,7392,12622,5637,19605,155242,495,9695,15022,2620,33532,40015,29682,7392,12622,5637,8678,99950,42397
"25","D300040:bin_000042",68052,257215,13039,17225,14067,1357,2663,3546,1592,17119,31031,12533,2108,3030,9626,68052,257215,13039,17225,14067,1357,2663,3546,1592,2108,3030,9626,17119,31031,12533
"26","D300040:bin_000062",2135,207291,245,1388,635,7988,625,35331,3813,69307,2644,3695,3111,2613,6154,2135,207291,245,1388,635,7988,625,35331,3813,3111,2613,6154,69307,2644,3695
"27","D300042:bin_000001",7655,41333,944181,2421,12673,1614,3010,4907,2041,1747,10848,9267,6890,3738,2929,7655,41333,944181,2421,12673,1614,3010,4907,2041,6890,3738,2929,1747,10848,9267
"28","D300042:bin_000002",3246837,548080,860448,395069,757513,1218400,1374447,1642658,752199,1739689,287483,572996,1094337,2041674,1411623,3246837,548080,860448,395069,757513,1218400,1374447,1642658,752199,1094337,2041674,1411623,1739689,287483,572996
"29","D300042:bin_000007",143899,69765,557307,644314,87600,61678,56200,93615,5544,37288,182618,261774,170513,10760,10781,143899,69765,557307,644314,87600,61678,56200,93615,5544,170513,10760,10781,37288,182618,261774
"30","D300042:bin_000015",37492,771404,108389,37756,85932,60894,61636,48316,17306,223468,112346,77903,80940,19058,28588,37492,771404,108389,37756,85932,60894,61636,48316,17306,80940,19058,28588,223468,112346,77903
"31","D300044:bin_000001",1729981,3061,44969,943844,1457338,1031052,57141,1107567,10648,1410429,3681890,30888,14483,85258,13759,1729981,3061,44969,943844,1457338,1031052,57141,1107567,10648,14483,85258,13759,1410429,3681890,30888
"32","D300044:bin_000003",143391,141235,261,365250,448727,186242,644300,97091,100799,57798,72074,153226,5586,163908,87830,143391,141235,261,365250,448727,186242,644300,97091,100799,5586,163908,87830,57798,72074,153226
"33","D300044:bin_000004",27070,3769,364,285389,253575,61534,10074,5576,6779,5097,83139,3586,748,30870,18888,27070,3769,364,285389,253575,61534,10074,5576,6779,748,30870,18888,5097,83139,3586
"34","D300044:bin_000006",470395,418230,27261,479743,74765,217095,236142,156070,34989,844175,79771,474798,168862,91383,175730,470395,418230,27261,479743,74765,217095,236142,156070,34989,168862,91383,175730,844175,79771,474798
"35","D300044:bin_000007",666,724,354,834477,867,1425,7090,487626,3888,18844,2405,1024547,308676,709,784,666,724,354,834477,867,1425,7090,487626,3888,308676,709,784,18844,2405,1024547
"36","D300044:bin_000008",62280,17604,1984,749796,574050,1548505,417340,39572,76651,296638,24611,59998,70466,1203790,208365,62280,17604,1984,749796,574050,1548505,417340,39572,76651,70466,1203790,208365,296638,24611,59998
"37","D300044:bin_000012",22070,1320,6644,210221,534328,57425,187722,146775,495,151999,82937,412989,1016,188243,519,22070,1320,6644,210221,534328,57425,187722,146775,495,1016,188243,519,151999,82937,412989
"38","D300044:bin_000014",16646,6390,1451,1699660,942392,895661,51301,1000241,1700122,3297660,64775,34708,172452,4142,25360,16646,6390,1451,1699660,942392,895661,51301,1000241,1700122,172452,4142,25360,3297660,64775,34708
"39","D300044:bin_000015",3871,8748,197,472953,1175,997,4244,2173,3248,111979,13781,46855,19601,2451,1423,3871,8748,197,472953,1175,997,4244,2173,3248,19601,2451,1423,111979,13781,46855
"40","D300044:bin_000018",38434,12152,3462,253931,3209,7127,12668,6712,59646,1435,13429,9186,6781,12054,2172,38434,12152,3462,253931,3209,7127,12668,6712,59646,6781,12054,2172,1435,13429,9186
"41","D300044:bin_000021",46916,22042,2654,5313636,1239911,358961,86337,52216,2826001,3363765,1378171,2621629,2430665,568030,46957,46916,22042,2654,5313636,1239911,358961,86337,52216,2826001,2430665,568030,46957,3363765,1378171,2621629
"42","D300044:bin_000029",94039,66084,2087,316136,4262,22262,4308,5117,44150,173937,29836,4019,1685,43331,57242,94039,66084,2087,316136,4262,22262,4308,5117,44150,1685,43331,57242,173937,29836,4019
"43","D300044:bin_000030",412,1628,50,376578,3919,39280,1032,2854,4596,14,659,203,122683,23766,809,412,1628,50,376578,3919,39280,1032,2854,4596,122683,23766,809,14,659,203
"44","D300044:bin_000031",3955,380,4902,217579,50227,65513,113358,6939,48008,161,62,87,285105,30827,43830,3955,380,4902,217579,50227,65513,113358,6939,48008,285105,30827,43830,161,62,87
"45","D300044:bin_000035",16947,24308,4191,438896,15390,24160,10412,30316,13304,108197,17264,109826,20349,9784,35800,16947,24308,4191,438896,15390,24160,10412,30316,13304,20349,9784,35800,108197,17264,109826
"46","D300044:bin_000038",24012,56586,4205,333920,14398,43429,22290,22792,6988,13295,12708,24965,19069,9663,116283,24012,56586,4205,333920,14398,43429,22290,22792,6988,19069,9663,116283,13295,12708,24965
"47","D300044:bin_000054",3733,4463,3278,172430,10837,5877,4846,12702,12563,4316,7053,22147,3009,6900,10018,3733,4463,3278,172430,10837,5877,4846,12702,12563,3009,6900,10018,4316,7053,22147
"48","D300046:bin_000001",50368,7812,1340,26377,801898,106921,70348,117445,6331,6361,145486,20911,5735,63985,71593,50368,7812,1340,26377,801898,106921,70348,117445,6331,5735,63985,71593,6361,145486,20911
"49","D300046:bin_000004",48809,7843,625,5150,645578,3468,17472,25488,141925,79294,3746,2707,49158,9027,26835,48809,7843,625,5150,645578,3468,17472,25488,141925,49158,9027,26835,79294,3746,2707
"50","D300046:bin_000006",10678306,30201,12637,2531977,2364224,83735,75576,2475591,69146,44697,25800,91188,152098,7998564,81354,10678306,30201,12637,2531977,2364224,83735,75576,2475591,69146,152098,7998564,81354,44697,25800,91188
"51","D300046:bin_000012",19878,6523,1038,27258,452030,49564,15710,23248,31228,23057,29137,1379171,13807,64368,22625,19878,6523,1038,27258,452030,49564,15710,23248,31228,13807,64368,22625,23057,29137,1379171
"52","D300046:bin_000013",76954,72851,20360,14773,526452,15292,123250,55305,15490,9396,35463,38173,25054,40665,24668,76954,72851,20360,14773,526452,15292,123250,55305,15490,25054,40665,24668,9396,35463,38173
"53","D300046:bin_000014",4682,2220,586,337384,765417,2438,192504,5639,20681,7746,517009,277187,4247,1996,882610,4682,2220,586,337384,765417,2438,192504,5639,20681,4247,1996,882610,7746,517009,277187
"54","D300046:bin_000016",5193,1126,95,6424,184501,10302,15675,7739,2466892,2599,59170,2712,958,2555,17405,5193,1126,95,6424,184501,10302,15675,7739,2466892,958,2555,17405,2599,59170,2712
"55","D300046:bin_000022",28921,18825,3201,21672,346709,53593,11842,28162,168918,35164,14656,15223,148199,15364,16585,28921,18825,3201,21672,346709,53593,11842,28162,168918,148199,15364,16585,35164,14656,15223
"56","D300046:bin_000024",8033,4177,320,5538,326519,2525,6392,50742,5312,29950,4193,7017,2943,13310,20943,8033,4177,320,5538,326519,2525,6392,50742,5312,2943,13310,20943,29950,4193,7017
"57","D300046:bin_000030",40956,32376,9879,56516,418957,13690,51225,69986,34506,38143,23534,65738,35172,36229,33998,40956,32376,9879,56516,418957,13690,51225,69986,34506,35172,36229,33998,38143,23534,65738
"58","D300046:bin_000045",35,4,1923,188,71033,1001,492,730,227,302,1234,337,167,709,142,35,4,1923,188,71033,1001,492,730,227,167,709,142,302,1234,337
"59","D300046:bin_000048",8926,2961,673,4035,799945,2674,11581,17414,11834,3154,4160,8083,5147,252859,32258,8926,2961,673,4035,799945,2674,11581,17414,11834,5147,252859,32258,3154,4160,8083
"60","D300046:bin_000054",28303,26897,4182,66681,168385,33546,23884,23469,25903,23587,10827,48927,37656,11247,22480,28303,26897,4182,66681,168385,33546,23884,23469,25903,37656,11247,22480,23587,10827,48927
"61","D300046:bin_000055",1210,2070,724,3921,101421,4353,2520,8018,583,4696,40512,6940,684,1807,446,1210,2070,724,3921,101421,4353,2520,8018,583,684,1807,446,4696,40512,6940
"62","D300046:bin_000057",9724,4586,93,3655,106289,11529,5949,19764,5404,9715,4662,6568,2824,9387,14055,9724,4586,93,3655,106289,11529,5949,19764,5404,2824,9387,14055,9715,4662,6568
"63","D300046:bin_000058",1120,701,21288,1749,60490,33,1399,28,65,8502,3901,519,309,250,4,1120,701,21288,1749,60490,33,1399,28,65,309,250,4,8502,3901,519
"64","D300046:bin_000063",3854,3501,436,2826,109669,3255,16551,5839,4507,5343,15133,61531,1582,2808,1876,3854,3501,436,2826,109669,3255,16551,5839,4507,1582,2808,1876,5343,15133,61531
"65","D300048:bin_000001",52598,3863,462,423296,582360,836694,192073,667522,844200,6676,172090,856331,430698,6597,4870,52598,3863,462,423296,582360,836694,192073,667522,844200,430698,6597,4870,6676,172090,856331
"66","D300048:bin_000002",433389,911269,142594,19463,78124,318831,236563,1429,134,214835,3849,669488,1828053,1108,258116,433389,911269,142594,19463,78124,318831,236563,1429,134,1828053,1108,258116,214835,3849,669488
"67","D300048:bin_000006",13817,3123,231,1862,2537,962338,4737,7852,1968,936,2188,2303,4355,4584,2608,13817,3123,231,1862,2537,962338,4737,7852,1968,4355,4584,2608,936,2188,2303
"68","D300048:bin_000007",790456,738415,320565,163342,1686248,956587,3028,350692,4888,7010,86809,433764,652208,137959,71991,790456,738415,320565,163342,1686248,956587,3028,350692,4888,652208,137959,71991,7010,86809,433764
"69","D300048:bin_000012",539789,77800,6291,270672,30431,589284,380635,243606,70651,109194,48147,98352,23694,74056,79998,539789,77800,6291,270672,30431,589284,380635,243606,70651,23694,74056,79998,109194,48147,98352
"70","D300048:bin_000018",16364,15064,2629,8755,13814,2973141,16894,23942,16934,8434,15404,21324,11902,1435458,26001,16364,15064,2629,8755,13814,2973141,16894,23942,16934,11902,1435458,26001,8434,15404,21324
"71","D300048:bin_000021",10008,12094,2779,6737,11882,2404105,24245,13448,23948,10956,7298,12878,7682,12982,41643,10008,12094,2779,6737,11882,2404105,24245,13448,23948,7682,12982,41643,10956,7298,12878
"72","D300048:bin_000024",15546,226192,16100,4008,710,151719,13640,6220,1289,214,51385,7270,5837,77321,222,15546,226192,16100,4008,710,151719,13640,6220,1289,5837,77321,222,214,51385,7270
"73","D300048:bin_000025",3287,20810,1069,66433,4420,134308,120902,55187,48182,71979,3647,9395,162,14393,12191,3287,20810,1069,66433,4420,134308,120902,55187,48182,162,14393,12191,71979,3647,9395
"74","D300048:bin_000027",193,646,0,127,46,310457,2681,765,796,244,242,723,80,423,60720,193,646,0,127,46,310457,2681,765,796,80,423,60720,244,242,723
"75","D300048:bin_000031",142064,169107,22011,906378,211728,1861277,59498,1200950,112353,179761,41832,180239,1580567,71823,109248,142064,169107,22011,906378,211728,1861277,59498,1200950,112353,1580567,71823,109248,179761,41832,180239
"76","D300050:bin_000001",11229,3611,939,22357,24061,96409,1470150,747786,34351,3016,13025,7698,3390,355321,611878,11229,3611,939,22357,24061,96409,1470150,747786,34351,3390,355321,611878,3016,13025,7698
"77","D300050:bin_000002",7620,3255,2224,3107,6080,13180,356167,70613,5482,3969,6427,8976,5834,13334,23886,7620,3255,2224,3107,6080,13180,356167,70613,5482,5834,13334,23886,3969,6427,8976
"78","D300050:bin_000004",13947,36001,313,5574,21862,8143,1372960,99005,18051,3563,44120,1198,54956,203821,4646,13947,36001,313,5574,21862,8143,1372960,99005,18051,54956,203821,4646,3563,44120,1198
"79","D300050:bin_000005",60770,63516,12121,558883,17678,111519,1018775,266040,25800,147720,49037,40451,80803,18963,24969,60770,63516,12121,558883,17678,111519,1018775,266040,25800,80803,18963,24969,147720,49037,40451
"80","D300050:bin_000006",1348,4898,251,488,8704,2256,533820,35616,2998,526,2497,2743,2456,47825,5216,1348,4898,251,488,8704,2256,533820,35616,2998,2456,47825,5216,526,2497,2743
"81","D300050:bin_000007",64371,80031,9891,120537,553477,57147,2246818,40179,90674,60523,43598,82103,116861,32165,70339,64371,80031,9891,120537,553477,57147,2246818,40179,90674,116861,32165,70339,60523,43598,82103
"82","D300050:bin_000010",7631,4581,152,1433,1516,109235,261994,21356,6556,840,10772,153107,1537,95737,212892,7631,4581,152,1433,1516,109235,261994,21356,6556,1537,95737,212892,840,10772,153107
"83","D300050:bin_000012",13679,19000,1526,11998,14571,14027,654835,28630,14237,10809,7103,14121,7105,26619,24090,13679,19000,1526,11998,14571,14027,654835,28630,14237,7105,26619,24090,10809,7103,14121
"84","D300050:bin_000017",1531,13831,56,70774,4493,18753,193313,11712,816,1293,2812,28900,7400,3384,11934,1531,13831,56,70774,4493,18753,193313,11712,816,7400,3384,11934,1293,2812,28900
"85","D300050:bin_000018",31942,7272,1569,29748,81824,241130,480630,37714,131519,35410,34654,54513,52295,45445,204445,31942,7272,1569,29748,81824,241130,480630,37714,131519,52295,45445,204445,35410,34654,54513
"86","D300050:bin_000027",82936,5803,6843,32605,176512,53621,324803,30146,23912,41702,93408,27698,37795,32566,32929,82936,5803,6843,32605,176512,53621,324803,30146,23912,37795,32566,32929,41702,93408,27698
"87","D300050:bin_000028",69964,5213,974,27886,45292,158340,1892991,202093,283077,553934,17128,12416,59505,7155,34209,69964,5213,974,27886,45292,158340,1892991,202093,283077,59505,7155,34209,553934,17128,12416
"88","D300050:bin_000037",7,23,12,11,18,3,227839,77,237,6,6,21,21,11167,11,7,23,12,11,18,3,227839,77,237,21,11167,11,6,6,21
"89","D300050:bin_000040",1458,2470,813,1873,111747,6047,1448554,2769,1580,1268,1749,14906,1662,51977,14332,1458,2470,813,1873,111747,6047,1448554,2769,1580,1662,51977,14332,1268,1749,14906
"90","D300050:bin_000041",953959,1481,23271,626310,27,738844,778557,9864,179555,13236,1447343,987,407848,263144,543942,953959,1481,23271,626310,27,738844,778557,9864,179555,407848,263144,543942,13236,1447343,987
"91","D300050:bin_000042",4780,11100,480,4843,3551,1925,140571,9411,2890,2883,2556,4885,4464,3077,3786,4780,11100,480,4843,3551,1925,140571,9411,2890,4464,3077,3786,2883,2556,4885
"92","D300050:bin_000052",1987,654,1709,64606,89152,111637,502038,267791,187819,53767,123244,719132,54371,27798,318329,1987,654,1709,64606,89152,111637,502038,267791,187819,54371,27798,318329,53767,123244,719132
"93","D300050:bin_000054",3332,4999,35,2338,6720,16967,99799,8254,28120,10751,8398,4814,2299,2996,4907,3332,4999,35,2338,6720,16967,99799,8254,28120,2299,2996,4907,10751,8398,4814
"94","D300050:bin_000056",40172,243943,36628,27200,99324,23942,258797,34475,30353,102209,245889,161914,31964,27581,22322,40172,243943,36628,27200,99324,23942,258797,34475,30353,31964,27581,22322,102209,245889,161914
"95","D300050:bin_000060",739,362,20,328,53,579,283041,1790,933,470,1085,419,277,520,946,739,362,20,328,53,579,283041,1790,933,277,520,946,470,1085,419
"96","D300050:bin_000074",5437,35792,248,9247,17698,1703,95345,10064,6216,7403,5218,15461,4435,38540,1869,5437,35792,248,9247,17698,1703,95345,10064,6216,4435,38540,1869,7403,5218,15461
"97","D300050:bin_000085",35423,135953,507,1856,12575,2873,56721,4777,516,1231,39689,33302,6,368,102,35423,135953,507,1856,12575,2873,56721,4777,516,6,368,102,1231,39689,33302
"98","D300053:bin_000003",167870,70193,186536,64059,19869,3947,54571,193725,45707,1545,54170,6418,3211,3424,59458,167870,70193,186536,64059,19869,3947,54571,193725,45707,3211,3424,59458,1545,54170,6418
"99","D300053:bin_000006",4191,4555,235,1663,2032,4587,11809,384837,5853,1245,2321,4656,876,4728,8847,4191,4555,235,1663,2032,4587,11809,384837,5853,876,4728,8847,1245,2321,4656
"100","D300053:bin_000007",482693,7683,136,3502,3038,370451,17562,677505,10032,5421,4862556,17018,5341,2435,1790,482693,7683,136,3502,3038,370451,17562,677505,10032,5341,2435,1790,5421,4862556,17018
"101","D300053:bin_000008",48331,7204,1648,8063,21316,30606,78265,921080,74075,61274,9438,42475,5288,108199,11451,48331,7204,1648,8063,21316,30606,78265,921080,74075,5288,108199,11451,61274,9438,42475
"102","D300053:bin_000011",59269,215682,1487,119538,26916,20893,28334,443108,22632,12384,77295,192441,16751,22728,110010,59269,215682,1487,119538,26916,20893,28334,443108,22632,16751,22728,110010,12384,77295,192441
"103","D300053:bin_000012",26222,7161,15,415,3005,8281,2243,166432,9984,2925,7606,4172,99,1453,2559,26222,7161,15,415,3005,8281,2243,166432,9984,99,1453,2559,2925,7606,4172
"104","D300053:bin_000017",30441,14663,1497,140312,118477,162602,52066,1211677,43971,61115,90835,62967,26702,22333,42412,30441,14663,1497,140312,118477,162602,52066,1211677,43971,26702,22333,42412,61115,90835,62967
"105","D300053:bin_000019",3237,1721,428,1243,110568,4502,156132,214264,2790,3808,77647,2609,1098,5235,6142,3237,1721,428,1243,110568,4502,156132,214264,2790,1098,5235,6142,3808,77647,2609
"106","D300053:bin_000020",6888,1850,148,33366,17527,3585,3828,1061377,2817,112391,1978,2660,1463,26128,6124,6888,1850,148,33366,17527,3585,3828,1061377,2817,1463,26128,6124,112391,1978,2660
"107","D300053:bin_000022",4849,8603,3358,4741,7413,8013,3491,252418,5547,7272,3203,16377,1800,6649,6948,4849,8603,3358,4741,7413,8013,3491,252418,5547,1800,6649,6948,7272,3203,16377
"108","D300053:bin_000028",348,138,52,562,872,1622,27031,426907,338,3744,937,790,62,2451,16419,348,138,52,562,872,1622,27031,426907,338,62,2451,16419,3744,937,790
"109","D300053:bin_000030",199318,21429,2339,161712,1464573,10206,230700,1216430,208746,20313,18593,78315,28559,203055,720073,199318,21429,2339,161712,1464573,10206,230700,1216430,208746,28559,203055,720073,20313,18593,78315
"110","D300053:bin_000034",88694,27463,2306,357271,57759,53744,124255,541318,33350,18253,21499,52266,57712,181509,448070,88694,27463,2306,357271,57759,53744,124255,541318,33350,57712,181509,448070,18253,21499,52266
"111","D300053:bin_000037",8452,1616,267,813,66661,6971,21376,145124,2418,2648,8449,104204,1406,9260,20778,8452,1616,267,813,66661,6971,21376,145124,2418,1406,9260,20778,2648,8449,104204
"112","D300053:bin_000040",2541,2315,204,7830,197507,2087729,1026095,416371,597344,388707,1871,3471,49375,127137,1184364,2541,2315,204,7830,197507,2087729,1026095,416371,597344,49375,127137,1184364,388707,1871,3471
"113","D300053:bin_000041",127650,379531,5978,20923,203155,15222,20295,207456,116388,25184,275134,61200,45416,12175,20015,127650,379531,5978,20923,203155,15222,20295,207456,116388,45416,12175,20015,25184,275134,61200
"114","D300053:bin_000046",3803,7306,54,1583,2627,4419,12708,148186,4031,709,9535,691,10463,15593,2471,3803,7306,54,1583,2627,4419,12708,148186,4031,10463,15593,2471,709,9535,691
"115","D300053:bin_000055",27412,1008,71,5072,2591,133162,83984,111463,1449,1320,2589,2518,725,29341,20905,27412,1008,71,5072,2591,133162,83984,111463,1449,725,29341,20905,1320,2589,2518
"116","D300053:bin_000056",6006,12660,32,1321,1984,14188,6187,501558,52081,10155,18580,11175,944,12419,9785,6006,12660,32,1321,1984,14188,6187,501558,52081,944,12419,9785,10155,18580,11175
"117","D300053:bin_000061",653,91,12,177,638,995,6076,134404,115,165,251,239,37,943,3920,653,91,12,177,638,995,6076,134404,115,37,943,3920,165,251,239
"118","D300053:bin_000079",63673,45887,4647,88768,17366,37845,58702,328259,33000,50547,37376,48962,14068,31504,38663,63673,45887,4647,88768,17366,37845,58702,328259,33000,14068,31504,38663,50547,37376,48962
"119","D300053:bin_000083",65310,157599,39058,384222,100860,179959,253882,332027,280450,212134,47112,144204,118296,93646,146826,65310,157599,39058,384222,100860,179959,253882,332027,280450,118296,93646,146826,212134,47112,144204
"120","D300053:bin_000087",7623,15310,1656,10753,22600,34649,42310,228438,7428,18854,27883,20691,18509,6277,15883,7623,15310,1656,10753,22600,34649,42310,228438,7428,18509,6277,15883,18854,27883,20691
"121","D300055:bin_000001",17620,2879,1499,8582,26237,50372,25915,49520,556896,10557,10417,12273,3890,5553,33771,17620,2879,1499,8582,26237,50372,25915,49520,556896,3890,5553,33771,10557,10417,12273
"122","D300055:bin_000005",20901,29726,365,28954,2459,2820,6880,11947,340644,5258,8103,5971,24852,6410,8398,20901,29726,365,28954,2459,2820,6880,11947,340644,24852,6410,8398,5258,8103,5971
"123","D300055:bin_000007",44267,41892,6213,73165,66077,214227,244370,66634,644222,42296,53435,125579,67463,28263,137109,44267,41892,6213,73165,66077,214227,244370,66634,644222,67463,28263,137109,42296,53435,125579
"124","D300055:bin_000008",64666,96928,202319,234685,227070,468,62414,988172,596985,95276,65026,51231,547756,829443,293875,64666,96928,202319,234685,227070,468,62414,988172,596985,547756,829443,293875,95276,65026,51231
"125","D300055:bin_000009",81426,35572,431,150044,246829,3906,6855,125120,1205965,278322,61787,8594,4804,8919,744106,81426,35572,431,150044,246829,3906,6855,125120,1205965,4804,8919,744106,278322,61787,8594
"126","D300055:bin_000010",3245030,3699489,20269,2952580,2306716,3632342,268107,302273,2542833,2093394,57862,1822226,4308344,2254676,1775350,3245030,3699489,20269,2952580,2306716,3632342,268107,302273,2542833,4308344,2254676,1775350,2093394,57862,1822226
"127","D300055:bin_000013",124991,4908,733,22819,131785,23673,10982,107974,292318,543537,9173,18564,24191,293516,12952,124991,4908,733,22819,131785,23673,10982,107974,292318,24191,293516,12952,543537,9173,18564
"128","D300055:bin_000016",7885,15153,1296,45869,153059,18740,4955,1275011,715765,133806,15883,15836,7477,6378,39669,7885,15153,1296,45869,153059,18740,4955,1275011,715765,7477,6378,39669,133806,15883,15836
"129","D300055:bin_000017",98223,3461,13859,170196,13833,3905,694089,9160,610077,21509,2177,123910,6682,14049,5881,98223,3461,13859,170196,13833,3905,694089,9160,610077,6682,14049,5881,21509,2177,123910
"130","D300055:bin_000031",2364,192104,67,2474,4774,9305,2434,6668,195709,78037,106957,2767,2668,3333,71891,2364,192104,67,2474,4774,9305,2434,6668,195709,2668,3333,71891,78037,106957,2767
"131","D300055:bin_000032",5472,5821,570,5811,7053,3425,8537,157482,167138,6304,5636,10164,54646,7101,3141,5472,5821,570,5811,7053,3425,8537,157482,167138,54646,7101,3141,6304,5636,10164
"132","D300055:bin_000033",11207,11059,846,15591,14770,23113,21334,13270,226661,14876,14013,28860,6558,21490,12047,11207,11059,846,15591,14770,23113,21334,13270,226661,6558,21490,12047,14876,14013,28860
"133","D300055:bin_000034",2231,4298,398,2907,61189,7618,3305,4044,382391,3803,1610,3955,2834,5560,6528,2231,4298,398,2907,61189,7618,3305,4044,382391,2834,5560,6528,3803,1610,3955
"134","D300055:bin_000037",77502,33673,4383,280709,150024,404262,99741,54465,1611437,37828,1308647,129445,67536,338574,687999,77502,33673,4383,280709,150024,404262,99741,54465,1611437,67536,338574,687999,37828,1308647,129445
"135","D300057:bin_000002",215256,132353,3345,5484,31320,130802,5775,56970,32871,321667,131884,272014,190246,4237,7433,215256,132353,3345,5484,31320,130802,5775,56970,32871,190246,4237,7433,321667,131884,272014
"136","D300057:bin_000009",9950,4348,1403,8113,13116,3380,13981,16428,18750,1109743,8379,9795,6676,11573,21541,9950,4348,1403,8113,13116,3380,13981,16428,18750,6676,11573,21541,1109743,8379,9795
"137","D300057:bin_000011",57181,39964,5033,286953,89205,111737,44793,111191,111659,684556,26617,114926,44409,70183,115065,57181,39964,5033,286953,89205,111737,44793,111191,111659,44409,70183,115065,684556,26617,114926
"138","D300057:bin_000014",31606,10586,1401,70231,25121,6310,7591,44639,12805,301851,414796,124317,285065,14058,14648,31606,10586,1401,70231,25121,6310,7591,44639,12805,285065,14058,14648,301851,414796,124317
"139","D300057:bin_000023",3164,2027,619,6718,4947,2910,8003,5940,3905,175799,5578,5117,9629,4568,5173,3164,2027,619,6718,4947,2910,8003,5940,3905,9629,4568,5173,175799,5578,5117
"140","D300057:bin_000025",224,322,806,292,375,1112,51413,777,2677,323029,334,378,517,479,12778,224,322,806,292,375,1112,51413,777,2677,517,479,12778,323029,334,378
"141","D300057:bin_000028",3851,2986,6326,435031,349355,159808,154278,307759,126036,208530,99075,944052,110487,40483,342295,3851,2986,6326,435031,349355,159808,154278,307759,126036,110487,40483,342295,208530,99075,944052
"142","D300057:bin_000034",4980,418,43,8074,9318,3680,28058,3805,1014,136798,43142,20212,653,320,10654,4980,418,43,8074,9318,3680,28058,3805,1014,653,320,10654,136798,43142,20212
"143","D300057:bin_000035",11981,10194,42,8338,1324,34660,4892,13332,63032,157876,7619,2438,1487,7763,29905,11981,10194,42,8338,1324,34660,4892,13332,63032,1487,7763,29905,157876,7619,2438
"144","D300059:bin_000001",7655,8715,2555,16600,5149,7623,6465,6766,7834,17407,509457,16563,35788,6643,8395,7655,8715,2555,16600,5149,7623,6465,6766,7834,35788,6643,8395,17407,509457,16563
"145","D300059:bin_000002",521882,461066,6750,662958,457421,729365,1641816,4062453,153445,1698308,3691360,1660408,453357,431248,544035,521882,461066,6750,662958,457421,729365,1641816,4062453,153445,453357,431248,544035,1698308,3691360,1660408
"146","D300059:bin_000003",3680,7656,1559,2785,3261,1582,4019,8502,2897,101826,215083,13150,3289,2738,2469,3680,7656,1559,2785,3261,1582,4019,8502,2897,3289,2738,2469,101826,215083,13150
"147","D300059:bin_000009",10230,20681,2304,5147,97181,1074,3711,3537,2603,28422,283212,20855,18550,2935,53449,10230,20681,2304,5147,97181,1074,3711,3537,2603,18550,2935,53449,28422,283212,20855
"148","D300059:bin_000012",17359,13381,1231,99450,44308,31614,36218,335556,40086,32439,344338,171573,29262,62370,20375,17359,13381,1231,99450,44308,31614,36218,335556,40086,29262,62370,20375,32439,344338,171573
"149","D300059:bin_000015",5300581,139009,115347,1107948,658245,6975765,345868,4526465,5976877,4213197,8753548,3978652,1313772,1378508,3981404,5300581,139009,115347,1107948,658245,6975765,345868,4526465,5976877,1313772,1378508,3981404,4213197,8753548,3978652
"150","D300059:bin_000021",2078377,26529,3945,795846,2107562,97454,421970,5079952,25092,33027,2695500,54412,31620,3316936,1514535,2078377,26529,3945,795846,2107562,97454,421970,5079952,25092,31620,3316936,1514535,33027,2695500,54412
"151","D300059:bin_000029",2863,795,38,699,2056,1519,1206,4877,942,18157,759939,771,426,965,1496,2863,795,38,699,2056,1519,1206,4877,942,426,965,1496,18157,759939,771
"152","D300059:bin_000031",23815,3833,904,64168,38323,171187,49486,65139,120359,15133,177512,87885,117828,36414,27399,23815,3833,904,64168,38323,171187,49486,65139,120359,117828,36414,27399,15133,177512,87885
"153","D300059:bin_000047",34114,48392,3502,112717,21847,29166,46771,45966,43907,89148,273490,58765,16983,29760,47864,34114,48392,3502,112717,21847,29166,46771,45966,43907,16983,29760,47864,89148,273490,58765
"154","D300059:bin_000052",44732,63197,129593,59688,40453,25213,10363,33196,12294,40036,270373,29365,36487,5538,11588,44732,63197,129593,59688,40453,25213,10363,33196,12294,36487,5538,11588,40036,270373,29365
"155","D300061:bin_000002",186252,7681,3411,58463,30072,32864,44697,70474,375769,23589,12119,408816,20291,937812,33461,186252,7681,3411,58463,30072,32864,44697,70474,375769,20291,937812,33461,23589,12119,408816
"156","D300061:bin_000003",13188325,12663236,2846221,7427097,1370524,35640,22053,2695486,22831,17942774,8122409,2983591,14401881,22667,52871,13188325,12663236,2846221,7427097,1370524,35640,22053,2695486,22831,14401881,22667,52871,17942774,8122409,2983591
"157","D300061:bin_000005",11212,7386,1319,5595,9459,2782,5356,129619,5117,106204,5399,596260,6039,28826,5619,11212,7386,1319,5595,9459,2782,5356,129619,5117,6039,28826,5619,106204,5399,596260
"158","D300061:bin_000007",96124,3809,932,55663,102333,561264,44753,37556,18230,8176,15858,1118787,27187,15775,32620,96124,3809,932,55663,102333,561264,44753,37556,18230,27187,15775,32620,8176,15858,1118787
"159","D300061:bin_000008",8485,5310,771,12030,4457,11442,100534,7791,9763,11249,9034,2755308,64789,5361,9017,8485,5310,771,12030,4457,11442,100534,7791,9763,64789,5361,9017,11249,9034,2755308
"160","D300061:bin_000015",2439,1448,2953,17303,6936,63775,388562,120429,464803,164933,3964,497734,378674,44075,120792,2439,1448,2953,17303,6936,63775,388562,120429,464803,378674,44075,120792,164933,3964,497734
"161","D300061:bin_000017",40569,23419,1019,34609,28025,44773,27305,26372,27638,226168,22127,967534,35848,29268,26726,40569,23419,1019,34609,28025,44773,27305,26372,27638,35848,29268,26726,226168,22127,967534
"162","D300061:bin_000026",278821,104620,5775,24380,217394,169554,374656,807552,56930,252126,304327,418244,129905,35675,311845,278821,104620,5775,24380,217394,169554,374656,807552,56930,129905,35675,311845,252126,304327,418244
"163","D300061:bin_000027",28074,102797,307,10334,222461,7742,15243,51636,28776,3664,21529,396436,34107,28296,58122,28074,102797,307,10334,222461,7742,15243,51636,28776,34107,28296,58122,3664,21529,396436
"164","D300061:bin_000028",64070,1462810,4251,48225,520015,9360,9509,162558,301480,186720,69740,795997,131550,35620,12599,64070,1462810,4251,48225,520015,9360,9509,162558,301480,131550,35620,12599,186720,69740,795997
"165","D300061:bin_000029",31867,154926,19419,30507,190049,7477,17718,108490,14467,13655,603497,720487,486756,132099,8310,31867,154926,19419,30507,190049,7477,17718,108490,14467,486756,132099,8310,13655,603497,720487
"166","D300061:bin_000031",49887,120656,6586,13907,22921,26308,64363,90067,58331,33960,112080,283046,8068,43591,31903,49887,120656,6586,13907,22921,26308,64363,90067,58331,8068,43591,31903,33960,112080,283046
"167","D300061:bin_000034",214153,122957,24410,7832680,94756,205863,415951,116215,198120,200118,128951,7045353,171651,91580,176942,214153,122957,24410,7832680,94756,205863,415951,116215,198120,171651,91580,176942,200118,128951,7045353
"168","D300061:bin_000036",270953,1201018,705,16383,12559,1781,1458,4051,6193,124571,72978,528510,601523,55713,1835,270953,1201018,705,16383,12559,1781,1458,4051,6193,601523,55713,1835,124571,72978,528510
"169","D300061:bin_000039",321813,66393,1774,9126,5258,12366,183159,91361,2282,414,208813,264087,109692,10134,283,321813,66393,1774,9126,5258,12366,183159,91361,2282,109692,10134,283,414,208813,264087
"170","D300061:bin_000056",44289,192951,656,17543,1647,10667,14227,7217,1457046,397536,21160,729778,8788,5669,9772,44289,192951,656,17543,1647,10667,14227,7217,1457046,8788,5669,9772,397536,21160,729778
"171","D300061:bin_000059",1544,416,161,306,3196,1150,2002,950,1107,3517,12370,97414,444,1606,168,1544,416,161,306,3196,1150,2002,950,1107,444,1606,168,3517,12370,97414
"172","D300061:bin_000062",108724,4533,627,9829,3863,10459,3883,30382,5744,9745,8377,199450,7719,69931,4350,108724,4533,627,9829,3863,10459,3883,30382,5744,7719,69931,4350,9745,8377,199450
"173","D300061:bin_000072",5087,5070,798,32235,22179,2752,20116,3384,3250,18764,39759,214322,5537,1267,55833,5087,5070,798,32235,22179,2752,20116,3384,3250,5537,1267,55833,18764,39759,214322
"174","D300061:bin_000080",271276,10862,1178,17658,21307,16489,724190,249226,53020,39723,27611,729390,58265,501655,27043,271276,10862,1178,17658,21307,16489,724190,249226,53020,58265,501655,27043,39723,27611,729390
"175","D300061:bin_000088",7877,46088,6351,30190,48279,56572,49791,111911,40772,396508,393314,366471,100493,32941,118704,7877,46088,6351,30190,48279,56572,49791,111911,40772,100493,32941,118704,396508,393314,366471
"176","D300061:bin_000095",23440,13869,1683,15871,110668,15448,80603,66896,21825,23923,61232,541238,21819,24792,8631,23440,13869,1683,15871,110668,15448,80603,66896,21825,21819,24792,8631,23923,61232,541238
"177","D300063:bin_000002",1552,5283,35,9524,164,1483,17998,493,500,1235,346,4034,392379,348,35780,1552,5283,35,9524,164,1483,17998,493,500,392379,348,35780,1235,346,4034
"178","D300063:bin_000008",629720,1498972,2091,438343,14626,4209,124337,15344,8389,13389,13924,20345,508114,14582,6452,629720,1498972,2091,438343,14626,4209,124337,15344,8389,508114,14582,6452,13389,13924,20345
"179","D300063:bin_000009",3722,5039,296,3110,35181,1672,4397,19577,51825,10057,44225,5136,391840,7893,7648,3722,5039,296,3110,35181,1672,4397,19577,51825,391840,7893,7648,10057,44225,5136
"180","D300063:bin_000015",2445,90830,370,1430,11695,2510,1503,6179,3240,5591,1813,11071,453484,2871,2562,2445,90830,370,1430,11695,2510,1503,6179,3240,453484,2871,2562,5591,1813,11071
"181","D300063:bin_000023",91703,29766,3555,55244,74888,15770,23621,92377,106662,111687,87101,30360,394897,38577,190345,91703,29766,3555,55244,74888,15770,23621,92377,106662,394897,38577,190345,111687,87101,30360
"182","D300063:bin_000026",615,5609,4940,1277,265,87,3857,2523,128,74650,793,526,258216,125,161,615,5609,4940,1277,265,87,3857,2523,128,258216,125,161,74650,793,526
"183","D300063:bin_000028",35096,24968,1932,72128,13980,35411,12584,38157,59727,11951,44754,17888,880244,117259,20727,35096,24968,1932,72128,13980,35411,12584,38157,59727,880244,117259,20727,11951,44754,17888
"184","D300063:bin_000034",86966,100085,32631,49092,282204,17535,47437,41895,23882,23082,57813,109970,1482914,30791,26674,86966,100085,32631,49092,282204,17535,47437,41895,23882,1482914,30791,26674,23082,57813,109970
"185","D300063:bin_000042",11703,20166,6332,22427,8600,8495,6961,8119,7053,14712,6449,45982,1389419,5578,12726,11703,20166,6332,22427,8600,8495,6961,8119,7053,1389419,5578,12726,14712,6449,45982
"186","D300063:bin_000052",37983,4712,1234,13344,35639,4773,4045,19566,5475,4767,4640,111927,572004,13167,5448,37983,4712,1234,13344,35639,4773,4045,19566,5475,572004,13167,5448,4767,4640,111927
"187","D300063:bin_000060",15852,92817,27517,59449,171266,25783,34183,36771,6569,125882,85211,175666,281820,14263,13565,15852,92817,27517,59449,171266,25783,34183,36771,6569,281820,14263,13565,125882,85211,175666
"188","D300063:bin_000063",11184,14463,12408,42166,131596,31818,96997,21969,15520,6449,109829,20475,250501,15260,96852,11184,14463,12408,42166,131596,31818,96997,21969,15520,250501,15260,96852,6449,109829,20475
"189","D300063:bin_000065",18378,11739,6826,20474,21711,5679,34982,12051,16238,12340,4708,25383,255057,7889,7422,18378,11739,6826,20474,21711,5679,34982,12051,16238,255057,7889,7422,12340,4708,25383
"190","D300065:bin_000002",1405,1398,131,400,1422,1161,1719,13163,1071,1791,945,2456,1224,247215,1056,1405,1398,131,400,1422,1161,1719,13163,1071,1224,247215,1056,1791,945,2456
"191","D300065:bin_000004",14871,104597,777,224815,21931,95673,99850,564049,9688,334564,28698,539250,24808,707301,7144,14871,104597,777,224815,21931,95673,99850,564049,9688,24808,707301,7144,334564,28698,539250
"192","D300065:bin_000005",76316,177559,3848,40104,157347,15512,17356,18249,17172,1172218,234913,305386,16020,599567,20259,76316,177559,3848,40104,157347,15512,17356,18249,17172,16020,599567,20259,1172218,234913,305386
"193","D300065:bin_000006",9433,7745,559,46678,8308,31880,237693,41117,13867,10501,9932,34941,12389,603031,13505,9433,7745,559,46678,8308,31880,237693,41117,13867,12389,603031,13505,10501,9932,34941
"194","D300065:bin_000007",3544,4026,505,5476,4643,24625,314235,1138479,3851,2015,4085,6201,4617,1639706,3651,3544,4026,505,5476,4643,24625,314235,1138479,3851,4617,1639706,3651,2015,4085,6201
"195","D300065:bin_000008",3673,2761,237,6660,4906,12305,6419,390523,7657,3905,2946,5250,2612,269807,17367,3673,2761,237,6660,4906,12305,6419,390523,7657,2612,269807,17367,3905,2946,5250
"196","D300065:bin_000010",739905,495438,31498,443187,420121,40625,119878,993466,550798,602375,644689,1667111,908131,1118953,69203,739905,495438,31498,443187,420121,40625,119878,993466,550798,908131,1118953,69203,602375,644689,1667111
"197","D300065:bin_000012",6288,5232,1922,5969,4662,3243,5025,15944,6213,4115,3204,4506,3657,559590,8053,6288,5232,1922,5969,4662,3243,5025,15944,6213,3657,559590,8053,4115,3204,4506
"198","D300065:bin_000014",203907,90980,5485,471159,100795,38081,165181,86094,49120,54347,79741,53398,610070,465091,197886,203907,90980,5485,471159,100795,38081,165181,86094,49120,610070,465091,197886,54347,79741,53398
"199","D300065:bin_000016",49738,40070,4430,34290,42634,29534,1136116,267789,29809,51869,26201,47208,23056,874658,48891,49738,40070,4430,34290,42634,29534,1136116,267789,29809,23056,874658,48891,51869,26201,47208
"200","D300065:bin_000020",3355,2656,369,4800,14672,15566,3378,40619,3519,2795,2569,5059,2253,302631,9435,3355,2656,369,4800,14672,15566,3378,40619,3519,2253,302631,9435,2795,2569,5059
"201","D300065:bin_000021",124767,583231,35338,519433,145737,314312,466629,116060,463941,675834,58855,236777,230712,294301,156130,124767,583231,35338,519433,145737,314312,466629,116060,463941,230712,294301,156130,675834,58855,236777
"202","D300065:bin_000022",3776,1105,245,1396,13713,785,5304,4161,1352,1689,7867,1814,4193,252896,4040,3776,1105,245,1396,13713,785,5304,4161,1352,4193,252896,4040,1689,7867,1814
"203","D300065:bin_000024",343673,2772,1122,10082,224012,13165,4433,537443,6214,59431,53107,962898,1284,766670,51747,343673,2772,1122,10082,224012,13165,4433,537443,6214,1284,766670,51747,59431,53107,962898
"204","D300065:bin_000029",12624,12,109,24341,313,42,284,1956,11186,34,5789,588,4624,2218554,2459,12624,12,109,24341,313,42,284,1956,11186,4624,2218554,2459,34,5789,588
"205","D300065:bin_000030",184981,109184,639740,89986,97736,627,79515,139218,82220,67709,103014,53692,191600,189750,106941,184981,109184,639740,89986,97736,627,79515,139218,82220,191600,189750,106941,67709,103014,53692
"206","D300065:bin_000033",1386,2852,14,879,314,2241,1220,4711,4502,4733,2172,2306,2955,166267,5807,1386,2852,14,879,314,2241,1220,4711,4502,2955,166267,5807,4733,2172,2306
"207","D300065:bin_000034",4614,3864,581,4988,4463,3413,7804,146496,4799,2208,3286,3673,2648,282985,26486,4614,3864,581,4988,4463,3413,7804,146496,4799,2648,282985,26486,2208,3286,3673
"208","D300065:bin_000039",81,289,137,71,238,63,2426,3018,18953,149,247,179,239,889573,105,81,289,137,71,238,63,2426,3018,18953,239,889573,105,149,247,179
"209","D300065:bin_000041",266,456,117,374,2022,2463,4346,34236,479,356,294,763633,318,279502,727823,266,456,117,374,2022,2463,4346,34236,479,318,279502,727823,356,294,763633
"210","D300065:bin_000042",112544,102054,12367,547397,62272,139593,260006,196355,279939,191159,122714,286213,197564,524635,213627,112544,102054,12367,547397,62272,139593,260006,196355,279939,197564,524635,213627,191159,122714,286213
"211","D300065:bin_000047",0,4,5086,10,151,11143,450,179,1,16,10,4076,14,1368699,3913,0,4,5086,10,151,11143,450,179,1,14,1368699,3913,16,10,4076
"212","D300065:bin_000048",7,6,8,24,119,2325,926,57,14,6,13,1030,4,669385,979,7,6,8,24,119,2325,926,57,14,4,669385,979,6,13,1030
"213","D300065:bin_000051",27899,45679,810,12942,131396,4172,11563,30586,11555,67868,11685,14073,11909,695156,16333,27899,45679,810,12942,131396,4172,11563,30586,11555,11909,695156,16333,67868,11685,14073
"214","D300065:bin_000053",22607,29543,2662,34833,13174,13956,203692,32988,143126,27880,20731,33295,11170,351867,476961,22607,29543,2662,34833,13174,13956,203692,32988,143126,11170,351867,476961,27880,20731,33295
"215","D300065:bin_000055",11,15,25,7663,221,1827,422,21315,96,200,20,135,15,62625,187,11,15,25,7663,221,1827,422,21315,96,15,62625,187,200,20,135
"216","D300065:bin_000056",3448,6206,1185,3290,7835,2803,5528,12436,6007,1436,2891,3565,2497,163875,6078,3448,6206,1185,3290,7835,2803,5528,12436,6007,2497,163875,6078,1436,2891,3565
"217","D300065:bin_000057",10808,16330,3473,7564,31875,1667,3655,30526,14113,11587,44187,49351,79525,228051,3465,10808,16330,3473,7564,31875,1667,3655,30526,14113,79525,228051,3465,11587,44187,49351
"218","D300065:bin_000062",3801,1378,77,6324,5895,6303,150139,4719,49215,3285,2499,3879,4042,147340,402642,3801,1378,77,6324,5895,6303,150139,4719,49215,4042,147340,402642,3285,2499,3879
"219","D300068:bin_000001",204635,1277,14067,182853,134720,260553,360134,109797,556417,112158,498101,699597,70169,359007,407614,204635,1277,14067,182853,134720,260553,360134,109797,556417,70169,359007,407614,112158,498101,699597
"220","D300068:bin_000003",13519,32,16,60,273,118729,23653,10100,106591,3949,14188,1033,15,626,274607,13519,32,16,60,273,118729,23653,10100,106591,15,626,274607,3949,14188,1033
"221","D300068:bin_000005",191699,7445,105,3515,2762,56238,5866,130678,1117,3577,25986,10036,2285,11496,356847,191699,7445,105,3515,2762,56238,5866,130678,1117,2285,11496,356847,3577,25986,10036
"222","D300068:bin_000007",3816,7132,1265,9261,6467,36358,5689,9181,40421,4100,4512,8533,3803,8283,893105,3816,7132,1265,9261,6467,36358,5689,9181,40421,3803,8283,893105,4100,4512,8533
"223","D300068:bin_000010",620762,2248273,2878,88616,88977,202775,15204,25170,1481231,6203,171444,338285,5515,140205,601946,620762,2248273,2878,88616,88977,202775,15204,25170,1481231,5515,140205,601946,6203,171444,338285
"224","D300068:bin_000011",105441,1353,248,1696,5103,2094,6197,4306,111151,2725,4748,2349,1002,164528,655952,105441,1353,248,1696,5103,2094,6197,4306,111151,1002,164528,655952,2725,4748,2349
"225","D300068:bin_000014",448027,9710,12840,1397441,614670,30107,364826,1127282,2832794,406442,336231,231402,656177,590476,1261853,448027,9710,12840,1397441,614670,30107,364826,1127282,2832794,656177,590476,1261853,406442,336231,231402
"226","D300068:bin_000017",407897,191308,4064,113248,619137,125819,2192541,1361339,447865,276973,231509,657962,371307,777064,1109914,407897,191308,4064,113248,619137,125819,2192541,1361339,447865,371307,777064,1109914,276973,231509,657962
"227","D300068:bin_000018",37021,23544,5847,92728,40369,48304,135538,122179,158747,59936,35008,83604,1625,65546,135308,37021,23544,5847,92728,40369,48304,135538,122179,158747,1625,65546,135308,59936,35008,83604
"228","D300068:bin_000019",54662,16176,2122,21428,200032,59024,196872,141281,649716,24843,12588,181243,37087,36229,901873,54662,16176,2122,21428,200032,59024,196872,141281,649716,37087,36229,901873,24843,12588,181243
"229","D300068:bin_000023",15045,8384,1142,32269,15174,21220,22410,169793,304704,21188,9289,12874,15261,107402,395240,15045,8384,1142,32269,15174,21220,22410,169793,304704,15261,107402,395240,21188,9289,12874
"230","D300068:bin_000025",7063,3383,71,2757,5648,1580,11640,14976,2964,1795,5653,5746,1727,8294,246235,7063,3383,71,2757,5648,1580,11640,14976,2964,1727,8294,246235,1795,5653,5746
"231","D300068:bin_000032",525770,1511051,208868,13050,23811,5721,19311,652361,60,17435,4260977,866258,657537,26907,253409,525770,1511051,208868,13050,23811,5721,19311,652361,60,657537,26907,253409,17435,4260977,866258
"232","D300068:bin_000033",510947,2331009,319976,614251,119290,26424,2034,76099,1183,1390,94669,261953,396540,18146,869577,510947,2331009,319976,614251,119290,26424,2034,76099,1183,396540,18146,869577,1390,94669,261953
"233","D300068:bin_000034",1001,16108,78,4900,63811,34868,19500,23117,8166,1946,11352,11557,1806,139525,164576,1001,16108,78,4900,63811,34868,19500,23117,8166,1806,139525,164576,1946,11352,11557
"234","D300068:bin_000037",375,343,195,400,505,21079,15242,1204,453,608,348,984,398,596,120611,375,343,195,400,505,21079,15242,1204,453,398,596,120611,608,348,984
"235","D300068:bin_000040",41103,45896,14121,78375,125897,16786,116453,26364,48254,73490,51549,113591,74247,31962,190460,41103,45896,14121,78375,125897,16786,116453,26364,48254,74247,31962,190460,73490,51549,113591
"236","D300068:bin_000041",29681,7530,7618,12753,33650,156242,86215,6342,30793,55973,19413,15633,5485,20759,290113,29681,7530,7618,12753,33650,156242,86215,6342,30793,5485,20759,290113,55973,19413,15633
"237","D300068:bin_000042",31926,6859,1202,26951,47782,110818,53532,39842,177586,108352,95673,303261,33879,14071,354335,31926,6859,1202,26951,47782,110818,53532,39842,177586,33879,14071,354335,108352,95673,303261
"238","D300068:bin_000043",1225,1556,107,2966,878,1014,44305,1885,17520,1752,1563,3141,2410,1448,139586,1225,1556,107,2966,878,1014,44305,1885,17520,2410,1448,139586,1752,1563,3141
"239","D300068:bin_000045",17625,8745,666,42011,22565,67211,79789,461754,14862,11872,16350,21505,10627,19361,308620,17625,8745,666,42011,22565,67211,79789,461754,14862,10627,19361,308620,11872,16350,21505
"240","D300068:bin_000048",930,1423,21,1688,2129,21112,2175,33517,1341,5630,1927,2988,260,3595,160397,930,1423,21,1688,2129,21112,2175,33517,1341,260,3595,160397,5630,1927,2988
"241","D300068:bin_000052",51991,10101,3685,21760,142640,210445,28104,29811,73271,27369,23796,49210,51649,36998,1572725,51991,10101,3685,21760,142640,210445,28104,29811,73271,51649,36998,1572725,27369,23796,49210
"242","D300068:bin_000064",14219,9400,591,5750,9307,32524,4320,4130,68768,9853,5505,5272,7593,91140,646742,14219,9400,591,5750,9307,32524,4320,4130,68768,7593,91140,646742,9853,5505,5272
"243","D300068:bin_000074",308114,6118,259,99195,245071,15342,580623,558135,9594,5631,71618,16557,5409,385953,2673099,308114,6118,259,99195,245071,15342,580623,558135,9594,5409,385953,2673099,5631,71618,16557
"244","TC1_40:bin_000002",217418,352348,101329,57646,15110,1688,104,12797,10720,120186,71852,154505,155336,853,3820,217418,352348,101329,57646,15110,1688,104,12797,10720,155336,853,3820,120186,71852,154505
"245","TC1_40:bin_000006",257037,400399,39499,220396,67004,45799,426807,418994,65740,254023,219611,591163,360255,204532,77703,257037,400399,39499,220396,67004,45799,426807,418994,65740,360255,204532,77703,254023,219611,591163
"246","TC1_40:bin_000013",3283,154683,18021212,3290,52504,1071,12242,14007,12863,1098,9916,180274,8990,10748,577,3283,154683,18021212,3290,52504,1071,12242,14007,12863,8990,10748,577,1098,9916,180274
"247","TC1_40:bin_000017",50573,2401077,525,1706,753,8653,9887,41057,4612,4006,60901,4063,4647,647,3462,50573,2401077,525,1706,753,8653,9887,41057,4612,4647,647,3462,4006,60901,4063
"248","TC1_40:bin_000018",644375,148083,25535,31849,8668,573164,705435,1386084,490231,337342,919359,4977,179,265604,1138,644375,148083,25535,31849,8668,573164,705435,1386084,490231,179,265604,1138,337342,919359,4977
"249","TC1_40:bin_000023",132265,413319,9675,24071,196837,98691,190112,182027,225401,150230,168496,491281,21021,73728,44857,132265,413319,9675,24071,196837,98691,190112,182027,225401,21021,73728,44857,150230,168496,491281
"250","TC1_40:bin_000027",517080,38698,635707,1032,12737,2038,88033,63815,33,19768,177368,129073,850,50365,59969,517080,38698,635707,1032,12737,2038,88033,63815,33,850,50365,59969,19768,177368,129073
"251","TC1_40:bin_000032",12994,119413,24488,5773,31378,2153,861,12006,24392,35979,22327,75979,8372,3456,5357,12994,119413,24488,5773,31378,2153,861,12006,24392,8372,3456,5357,35979,22327,75979
"252","TC1_40:bin_000033",150958,138744,155127,46535,12694,3312,1633,28438,1163,97876,25381,114753,113478,7755,1390,150958,138744,155127,46535,12694,3312,1633,28438,1163,113478,7755,1390,97876,25381,114753
"253","TC1_40:bin_000036",10184,169774,12,359,29788,10868,6818,15143,13507,317,6099,4790,325,2900,6610,10184,169774,12,359,29788,10868,6818,15143,13507,325,2900,6610,317,6099,4790
"254","TC1_40:bin_000037",682105,1906669,56302,170095,59077,119076,452680,455280,61000,905402,307757,407035,545183,197464,97526,682105,1906669,56302,170095,59077,119076,452680,455280,61000,545183,197464,97526,905402,307757,407035
"255","TC1_40:bin_000038",995127,10381,7895,56017,406122,12040,99713,39315,33596,502592,6535,358576,637187,230858,432024,995127,10381,7895,56017,406122,12040,99713,39315,33596,637187,230858,432024,502592,6535,358576
"256","TC1_40:bin_000039",3391,64660,109523,1001,1401,1430,360,56,770,236,971,16791,30,24,46,3391,64660,109523,1001,1401,1430,360,56,770,30,24,46,236,971,16791
"257","TC1_40:bin_000041",1196,180581,302667,155,12790,2959,1114,2551,101,536,317,155371,2097,32,479,1196,180581,302667,155,12790,2959,1114,2551,101,2097,32,479,536,317,155371
"258","TC1_40:bin_000042",58153,46512,916501,996,26823,2090,4788,57600,8233,30868,226990,33419,154666,126742,27820,58153,46512,916501,996,26823,2090,4788,57600,8233,154666,126742,27820,30868,226990,33419
"259","TC1_40:bin_000047",3374,1412679,1675,21551,3124,2506,4776,11663,3642,3115,2198,8081,22022,6170,8552,3374,1412679,1675,21551,3124,2506,4776,11663,3642,22022,6170,8552,3115,2198,8081
"260","TC1_40:bin_000048",640820,1,1170,8062,30875,116929,127096,218788,197623,387294,8619,3209,167778,8581,13927,640820,1,1170,8062,30875,116929,127096,218788,197623,167778,8581,13927,387294,8619,3209
"261","TC1_40:bin_000057",98627,51770,11149,52474,31610,13483,23210,13403,27641,5992,38012,65085,41265,2880,55753,98627,51770,11149,52474,31610,13483,23210,13403,27641,41265,2880,55753,5992,38012,65085
"262","TC1_40:bin_000058",300988,14280,3113,46107,89766,58072,102361,22195,181936,19578,21295,43652,114320,132839,33449,300988,14280,3113,46107,89766,58072,102361,22195,181936,114320,132839,33449,19578,21295,43652
"263","TC1_40:bin_000066",40223,146893,558,3729,394,2417,133623,562,967,342,4456,260,1981,1185,2255,40223,146893,558,3729,394,2417,133623,562,967,1981,1185,2255,342,4456,260
"264","TC1_40:bin_000067",10434,879,192753,10181,153,34,130,137,65,92,764,185,9321,65,58,10434,879,192753,10181,153,34,130,137,65,9321,65,58,92,764,185
"265","TC1_40:bin_000073",480,394366,282,478,311,196,471,417,1678,1238,1107,75309,215,123,566,480,394366,282,478,311,196,471,417,1678,215,123,566,1238,1107,75309
"266","TC1_40:bin_000086",87849,184821,4499,14162,3444,4202,1414,3915,2024,25197,40946,5400,23148,1834,1929,87849,184821,4499,14162,3444,4202,1414,3915,2024,23148,1834,1929,25197,40946,5400
"267","TC1_40:bin_000087",206871,18964,15340,6401,17328,3875,2545,9602,12940,12659,14306,167155,315217,3692,4756,206871,18964,15340,6401,17328,3875,2545,9602,12940,315217,3692,4756,12659,14306,167155
"268","TC1_40:bin_000090",14083,123189,143164,94670,75976,19878,25373,19335,2229,47287,16982,107553,3712,3064,3586,14083,123189,143164,94670,75976,19878,25373,19335,2229,3712,3064,3586,47287,16982,107553
"269","TC1_40:bin_000091",26441,141841,553,4602,9652,3160,12129,37336,14743,3278,7507,16806,14149,11900,18593,26441,141841,553,4602,9652,3160,12129,37336,14743,14149,11900,18593,3278,7507,16806
"270","TC1_40:bin_000092",12816,50516,143567,26441,7960,3724,13268,16096,2454,8052,23883,12138,23222,4314,3786,12816,50516,143567,26441,7960,3724,13268,16096,2454,23222,4314,3786,8052,23883,12138
"271","TC1_40:bin_000093",2981,74527,62992,10162,48,35,11797,10852,32,5776,146,56,72478,32,23,2981,74527,62992,10162,48,35,11797,10852,32,72478,32,23,5776,146,56
"272","TC1_40:bin_000095",40672,441775,29675,11165,53050,8289,19891,4369,227,7441,62987,228444,422,62,189,40672,441775,29675,11165,53050,8289,19891,4369,227,422,62,189,7441,62987,228444
"273","TC1_40:bin_000100",49617,299673,9895,19252,18126,28661,24816,14322,25810,1660,1762,20716,40935,21552,31969,49617,299673,9895,19252,18126,28661,24816,14322,25810,40935,21552,31969,1660,1762,20716
"274","TC1_40:bin_000101",32402,808922,2965,200855,159986,331458,49741,705940,16387,125760,112776,1220766,430740,471329,21546,32402,808922,2965,200855,159986,331458,49741,705940,16387,430740,471329,21546,125760,112776,1220766
"275","TC1_40:bin_000106",199083,149629,16491,11,0,2,2,195595,15,12,4,200,27,44600,2,199083,149629,16491,11,0,2,2,195595,15,27,44600,2,12,4,200
"276","TC1_40:bin_000111",339386,7890,27,802,6985,9905,1025,21768,14041,8320,5270,3010,3886,7152,19872,339386,7890,27,802,6985,9905,1025,21768,14041,3886,7152,19872,8320,5270,3010
"277","TC1_40:bin_000112",257866,34879,31,771,2858,26716,4645,80439,43835,29163,12615,15457,16981,30793,88570,257866,34879,31,771,2858,26716,4645,80439,43835,16981,30793,88570,29163,12615,15457
"278","TC1_40:bin_000113",3300,171646,37940,35110,29441,3319,9864,5381,3196,9879,33308,18065,3894,2841,4685,3300,171646,37940,35110,29441,3319,9864,5381,3196,3894,2841,4685,9879,33308,18065
"279","TC1_40:bin_000121",237135,10293,2584,7490,5929,21621,10401,72407,5011,38004,9904,21569,11364,2000,6343,237135,10293,2584,7490,5929,21621,10401,72407,5011,11364,2000,6343,38004,9904,21569
"280","TC1_40:bin_000125",332988,58695,2485,302325,70206,38097,170625,98765,31663,41702,48724,42855,329057,32926,125748,332988,58695,2485,302325,70206,38097,170625,98765,31663,329057,32926,125748,41702,48724,42855
"281","TC2_40:bin_000001",69562,205842,122,10597,453120,14170,115382,21764,109042,6233,380425,4508,406614,1212122,25854,69562,205842,122,10597,453120,14170,115382,21764,109042,406614,1212122,25854,6233,380425,4508
"282","TC2_40:bin_000006",10318,2419,222,9196,746025,12017,12991,6812,8033,5142,4836,8391,326224,7281,7943,10318,2419,222,9196,746025,12017,12991,6812,8033,326224,7281,7943,5142,4836,8391
"283","TC2_40:bin_000018",48788,69225,534,944325,4941,122887,18211,438915,5962,135925,535637,255898,96289,51825,292583,48788,69225,534,944325,4941,122887,18211,438915,5962,96289,51825,292583,135925,535637,255898
"284","TC2_40:bin_000019",18631,2217,2518,210827,11086,59168,57385,34354,61408,13886,14340,20969,68952,95419,85576,18631,2217,2518,210827,11086,59168,57385,34354,61408,68952,95419,85576,13886,14340,20969
"285","TC2_40:bin_000021",24763,7232,764,485812,7144,15809,6784,20727,28840,19010,12501,19274,25430,14293,9531,24763,7232,764,485812,7144,15809,6784,20727,28840,25430,14293,9531,19010,12501,19274
"286","TC2_40:bin_000036",7051,2181,124,409877,5194,3365,5493,11549,5256,4879,10701,3700,6368,7779,15862,7051,2181,124,409877,5194,3365,5493,11549,5256,6368,7779,15862,4879,10701,3700
"287","TC2_40:bin_000038",4698,8878,605,5079,8690,2831682,3951,16939,17035,3901,3894,9478,2713,6418,31679,4698,8878,605,5079,8690,2831682,3951,16939,17035,2713,6418,31679,3901,3894,9478
"288","TC2_40:bin_000040",755,2155,991,356618,734,1696,939,3239,1690,609,314,4693,8405,1202,591,755,2155,991,356618,734,1696,939,3239,1690,8405,1202,591,609,314,4693
"289","TC2_40:bin_000045",377,80383,49,74335,616,111055,91397,1374,360,378,392,599,490,895,722,377,80383,49,74335,616,111055,91397,1374,360,490,895,722,378,392,599
"290","TC2_40:bin_000046",52701,139,6,717,207217,72,23,347,4962,2123,112572,9144,58368,1232,342,52701,139,6,717,207217,72,23,347,4962,58368,1232,342,2123,112572,9144
"291","TC2_40:bin_000050",986,132,9,133267,14003,33441,93445,2025,2780,2022844,4668,991,533,10999,794,986,132,9,133267,14003,33441,93445,2025,2780,533,10999,794,2022844,4668,991
"292","TC2_40:bin_000063",707,11730,1194,525,85,122877,97,22884,427356,1078530,7147,167,1522,548,435266,707,11730,1194,525,85,122877,97,22884,427356,1522,548,435266,1078530,7147,167
"293","TC2_40:bin_000070",5258,22379,966,132037,4987,24508,17432,10284,154076,18703,2974,6611,3998,5412,55162,5258,22379,966,132037,4987,24508,17432,10284,154076,3998,5412,55162,18703,2974,6611
"294","TC2_40:bin_000073",10525,8916,943,868324,32830,3615,4387,21353,8557,9397,4179,6730,6162,8034,14156,10525,8916,943,868324,32830,3615,4387,21353,8557,6162,8034,14156,9397,4179,6730
"295","TC2_40:bin_000075",31485,23903,68523,27,96018,4334,5730,29297,1180,354,37155,35559,295,5207,54,31485,23903,68523,27,96018,4334,5730,29297,1180,295,5207,54,354,37155,35559
"296","TC2_40:bin_000078",2344,6132,336,2331,8841,192776,159019,78670,104637,65917,1911,5288,801,116702,5526,2344,6132,336,2331,8841,192776,159019,78670,104637,801,116702,5526,65917,1911,5288
"297","TC2_40:bin_000090",76844,69679,514,257007,8620,6635,27828,4988,10462,21722,21484,19035,70644,26118,162931,76844,69679,514,257007,8620,6635,27828,4988,10462,70644,26118,162931,21722,21484,19035
"298","TC2_40:bin_000098",9622,8006,514,65289,435,36001,451,6623,316,3360,7828,1289,29,387,182,9622,8006,514,65289,435,36001,451,6623,316,29,387,182,3360,7828,1289
"299","TC2_40:bin_000099",1390,1334,388,67433,94055,3296,95038,4819,6477,2183,6229,334905,1079,29905,65719,1390,1334,388,67433,94055,3296,95038,4819,6477,1079,29905,65719,2183,6229,334905
"300","TC2_40:bin_000105",9945,9348,39137,9937,205755,242574,104466,16696,1416793,11804,20750,538127,11672,20110,570340,9945,9348,39137,9937,205755,242574,104466,16696,1416793,11672,20110,570340,11804,20750,538127
"301","TC2_40:bin_000110",1515,3214,2309,87376,48716,923,2438,2697,1516,6549,15662,2524,1928,81174,685,1515,3214,2309,87376,48716,923,2438,2697,1516,1928,81174,685,6549,15662,2524
"302","TC2_40:bin_000115",15252,1553,44,2136,9626,163997,179743,3225,94018,1451,2991,2278,2807,7363,12535,15252,1553,44,2136,9626,163997,179743,3225,94018,2807,7363,12535,1451,2991,2278
"303","TC2_40:bin_000124",17442,6670,1706,3585,99797,93523,50896,117801,26547,26521,56256,146330,43172,53032,27849,17442,6670,1706,3585,99797,93523,50896,117801,26547,43172,53032,27849,26521,56256,146330
"304","TC2_40:bin_000130",46,184,0,83,339,119983,46638,4485,9497,162,138,64,365,1159,17408,46,184,0,83,339,119983,46638,4485,9497,365,1159,17408,162,138,64
"305","TC2_40:bin_000136",17,43,19,44877,142,29401,9385,1960,96,285,60,81,57,2795,30526,17,43,19,44877,142,29401,9385,1960,96,57,2795,30526,285,60,81
"306","TC2_40:bin_000142",48007,42127,10567,29436,67273,573177,35968,97044,183185,45710,27222,71825,17497,62904,100819,48007,42127,10567,29436,67273,573177,35968,97044,183185,17497,62904,100819,45710,27222,71825
"307","TC2_40:bin_000151",23395,45352,26085,34147,87907,1215,9624,27570,7380,1394,9290,3519,4492,1868,8622,23395,45352,26085,34147,87907,1215,9624,27570,7380,4492,1868,8622,1394,9290,3519
"308","TC2_40:bin_000157",123727,33686,5507,4209,199027,12428,18162,20843,15057,8640,19038,34370,16211,19565,14523,123727,33686,5507,4209,199027,12428,18162,20843,15057,16211,19565,14523,8640,19038,34370
"309","TC2_40:bin_000158",13971,146061,337,16143,19598,316914,50517,69677,107529,23077,7174,29581,10087,186162,10816,13971,146061,337,16143,19598,316914,50517,69677,107529,10087,186162,10816,23077,7174,29581
"310","TC2_40:bin_000183",61307,21824,2081,16164,385423,13290,31506,46696,8345,7557,11424,39573,16959,55835,19268,61307,21824,2081,16164,385423,13290,31506,46696,8345,16959,55835,19268,7557,11424,39573
"311","TC3_40:bin_000003",65686,305719,299,1009,52284,115126,9332,9958,9793,2849,23329,8645,122777,5424,482557,65686,305719,299,1009,52284,115126,9332,9958,9793,122777,5424,482557,2849,23329,8645
"312","TC3_40:bin_000004",923,1317,24,831,1823,554,3730,143406,76767,2792,626,1922,409,153,181773,923,1317,24,831,1823,554,3730,143406,76767,409,153,181773,2792,626,1922
"313","TC3_40:bin_000012",15165,21075,20303,10355,15702,1218,32160,29417,12140,65442,9664,96732,21182,73267,12330,15165,21075,20303,10355,15702,1218,32160,29417,12140,21182,73267,12330,65442,9664,96732
"314","TC3_40:bin_000016",88601,97061,1577,88903,36799,75808,111767,84439,68202,376212,32917,154768,52726,5950,159297,88601,97061,1577,88903,36799,75808,111767,84439,68202,52726,5950,159297,376212,32917,154768
"315","TC3_40:bin_000017",3589,2416,235,15686,29245,10212,8721,767072,6529,253413,1522,15264,2346,48288,254201,3589,2416,235,15686,29245,10212,8721,767072,6529,2346,48288,254201,253413,1522,15264
"316","TC3_40:bin_000018",101,77,408,130,317,107,2965551,246,43,78,3029672,184,37,300,82,101,77,408,130,317,107,2965551,246,43,37,300,82,78,3029672,184
"317","TC3_40:bin_000019",11353,2227,335,49846,36952,149352,81259,26587,246569,54778,10014,69195,14602,38166,238793,11353,2227,335,49846,36952,149352,81259,26587,246569,14602,38166,238793,54778,10014,69195
"318","TC3_40:bin_000020",133355,157673,52075,27957,115849,6400,157081,16964,28113,19513,139351,117194,113067,57343,53583,133355,157673,52075,27957,115849,6400,157081,16964,28113,113067,57343,53583,19513,139351,117194
"319","TC3_40:bin_000022",33799,14511,3548,96606,183859,49115,122924,30495,111451,66685,19211,271068,90618,279411,105239,33799,14511,3548,96606,183859,49115,122924,30495,111451,90618,279411,105239,66685,19211,271068
"320","TC3_40:bin_000024",642,924,81,209,678,1011,2650,146433,1029,1439,716,1278,375,201,560,642,924,81,209,678,1011,2650,146433,1029,375,201,560,1439,716,1278
"321","TC3_40:bin_000026",127,131,14,77,840,225,373922,1291,2873,62,354,269,221,6660,393,127,131,14,77,840,225,373922,1291,2873,221,6660,393,62,354,269
"322","TC3_40:bin_000027",941,425,22,579,98688,8448,199041,6538,767,4846,3575,1499,104,416,788,941,425,22,579,98688,8448,199041,6538,767,104,416,788,4846,3575,1499
"323","TC3_40:bin_000032",86337,162754,1731,21141,61491,59220,176401,75036,77944,1429,32700,73545,1347,290145,109058,86337,162754,1731,21141,61491,59220,176401,75036,77944,1347,290145,109058,1429,32700,73545
"324","TC3_40:bin_000034",584,295,76,1681,15372,1362,400174,79983,869,1350,47465,8468,1161,93172,714,584,295,76,1681,15372,1362,400174,79983,869,1161,93172,714,1350,47465,8468
"325","TC3_40:bin_000035",13466,9128,289,2007,5912,5536,84484,623082,73321,1928,5068,31346,1217,7328,6682,13466,9128,289,2007,5912,5536,84484,623082,73321,1217,7328,6682,1928,5068,31346
"326","TC3_40:bin_000036",124545,11720,5615,25877,2156,16730,3777,31662,40573,61336,35610,12922,762957,6573,6740,124545,11720,5615,25877,2156,16730,3777,31662,40573,762957,6573,6740,61336,35610,12922
"327","TC3_40:bin_000041",3001,5939,309,3491,8798,4583,151805,44230,23811,17179,5081,12591,4947,11141,18288,3001,5939,309,3491,8798,4583,151805,44230,23811,4947,11141,18288,17179,5081,12591
"328","TC3_40:bin_000048",3102,764403,230007,778,685,2946,210956,2148,426265,58537,92166,172627,731,528,482963,3102,764403,230007,778,685,2946,210956,2148,426265,731,528,482963,58537,92166,172627
"329","TC3_40:bin_000050",14837,20112,67,275,3741,3906,933,269519,17532,29012,705,538,18846,14227,2487,14837,20112,67,275,3741,3906,933,269519,17532,18846,14227,2487,29012,705,538
"330","TC3_40:bin_000051",46664,174485,2015,59578,34346,8268,38465,28781,20198,115640,31093,38851,109979,44562,16218,46664,174485,2015,59578,34346,8268,38465,28781,20198,109979,44562,16218,115640,31093,38851
"331","TC3_40:bin_000053",6817,17396,217,10652,8395,40129,14693,230927,1803,4229,48919,5647,1139,494095,36048,6817,17396,217,10652,8395,40129,14693,230927,1803,1139,494095,36048,4229,48919,5647
"332","TC3_40:bin_000055",902,3390,30364,41036,2498,41180,48748,5820,59700,23540,633,58290,11926,1780,41245,902,3390,30364,41036,2498,41180,48748,5820,59700,11926,1780,41245,23540,633,58290
"333","TC3_40:bin_000060",4983,9040,485,36966,4279,6146,4938,49852,3460,2565,24060,5693,309951,2985,3990,4983,9040,485,36966,4279,6146,4938,49852,3460,309951,2985,3990,2565,24060,5693
"334","TC3_40:bin_000069",226178,22107,6966,71730,82985,221145,211763,76822,65188,76193,39363,329778,98381,65360,539612,226178,22107,6966,71730,82985,221145,211763,76822,65188,98381,65360,539612,76193,39363,329778
"335","TC3_40:bin_000071",8277,1569,291,1802,8175,33633,2768,74641,1502,1571,2647,3409,4333,14125,127284,8277,1569,291,1802,8175,33633,2768,74641,1502,4333,14125,127284,1571,2647,3409
"336","TC3_40:bin_000072",1482,1485,73108,2179,5978,1041,263917,65902,5977,14804,11162,76656,580,65379,519,1482,1485,73108,2179,5978,1041,263917,65902,5977,580,65379,519,14804,11162,76656
"337","TC3_40:bin_000077",19971,3542,175,33212,13420,44822,136995,86977,2240,2996,11532,18723,3406,25841,36768,19971,3542,175,33212,13420,44822,136995,86977,2240,3406,25841,36768,2996,11532,18723
"338","TC3_40:bin_000079",154,306,2778,192,283,29095,2766,142738,801,1295,41103,227,601,59910,15863,154,306,2778,192,283,29095,2766,142738,801,601,59910,15863,1295,41103,227
"339","TC3_40:bin_000080",42789,28395,2132,2710,77603,55727,41891,88963,118172,14897,28999,87752,7375,57007,3406,42789,28395,2132,2710,77603,55727,41891,88963,118172,7375,57007,3406,14897,28999,87752
"340","TC3_40:bin_000085",6010,31163,352,761,164040,5143,304775,90449,35439,6003,30343,230034,3460,25922,11702,6010,31163,352,761,164040,5143,304775,90449,35439,3460,25922,11702,6003,30343,230034
"341","TC3_40:bin_000093",403,1056,145,782,12134,66833,104331,49052,3015,1369,3185,77811,335,3395,2524,403,1056,145,782,12134,66833,104331,49052,3015,335,3395,2524,1369,3185,77811
"342","TC3_40:bin_000094",11278,127637,159657,24446,105969,1450,200511,90997,1733,1773,3214,62588,1660,19956,48614,11278,127637,159657,24446,105969,1450,200511,90997,1733,1660,19956,48614,1773,3214,62588
"343","TC3_40:bin_000103",81621,739,1767,1625,125463,99386,538,139717,16107,401,130602,1447,7049,70088,160937,81621,739,1767,1625,125463,99386,538,139717,16107,7049,70088,160937,401,130602,1447
"344","TC3_40:bin_000108",55,326,7,174,26,272,60,88692,57390,876,362,168,35,408,518,55,326,7,174,26,272,60,88692,57390,35,408,518,876,362,168
"345","TC3_40:bin_000110",1193,601,4,10455,2320,25311,447,7898,86629,39166,12604,4959,2471,12106,70025,1193,601,4,10455,2320,25311,447,7898,86629,2471,12106,70025,39166,12604,4959
"346","TC3_40:bin_000115",2830,1921,307,4826,23040,37501,1237,58713,75717,22130,4861,1617,691,149265,52770,2830,1921,307,4826,23040,37501,1237,58713,75717,691,149265,52770,22130,4861,1617
"347","TC3_40:bin_000117",556,86,23,297,992,813,28919,102790,6808,110,1797,388,829,266651,31784,556,86,23,297,992,813,28919,102790,6808,829,266651,31784,110,1797,388
"348","TC3_40:bin_000120",7325,11614,631,4764,5796,5394,4508,7508,398084,2188,3498,6115,5701,32488,11713,7325,11614,631,4764,5796,5394,4508,7508,398084,5701,32488,11713,2188,3498,6115
"349","TC3_40:bin_000125",5397,549,526,94146,4918,64179,130011,35664,18489,115,7238,64285,6171,21029,24047,5397,549,526,94146,4918,64179,130011,35664,18489,6171,21029,24047,115,7238,64285
"350","TC3_40:bin_000126",2496,646,700,3850,2184,2400,341533,2204,2044,3104,46715,3645,1498,69810,5025,2496,646,700,3850,2184,2400,341533,2204,2044,1498,69810,5025,3104,46715,3645
"351","TC3_40:bin_000127",9046,72852,25624,20505,14633,14262,282241,14805,14234,22199,16877,101020,3962,17770,32327,9046,72852,25624,20505,14633,14262,282241,14805,14234,3962,17770,32327,22199,16877,101020
"352","TC3_40:bin_000131",5007,1956,39,15615,7559,89115,53377,60773,9278,164,3154,1092,56817,26353,32238,5007,1956,39,15615,7559,89115,53377,60773,9278,56817,26353,32238,164,3154,1092
"353","TC3_40:bin_000133",948,78,32,707,91,1272,433825,306,802,223,1844,109,520,481,974,948,78,32,707,91,1272,433825,306,802,520,481,974,223,1844,109
"354","TC3_40:bin_000135",818,4029,14,249,226,24041,69,4388,1374,1305,149,782,28,56774,87754,818,4029,14,249,226,24041,69,4388,1374,28,56774,87754,1305,149,782
"355","TC3_40:bin_000136",1891,26780,528,2170,13403,23775,58161,57236,31857,2474,11923,14033,1437,32550,29592,1891,26780,528,2170,13403,23775,58161,57236,31857,1437,32550,29592,2474,11923,14033
"356","TC3_40:bin_000142",10069,36,648,7092,79640,32471,47998,62062,28,28384,29336,30880,9672,89015,68,10069,36,648,7092,79640,32471,47998,62062,28,9672,89015,68,28384,29336,30880
"357","TC3_40:bin_000144",17434,1836,413,1026,921,1322,61774,6833,31205,2008,1421,2640,821,39430,48275,17434,1836,413,1026,921,1322,61774,6833,31205,821,39430,48275,2008,1421,2640
"358","TC3_40:bin_000146",25,42,241,15714,23110,20701,48290,21344,43285,43,25216,27246,15143,22924,48584,25,42,241,15714,23110,20701,48290,21344,43285,15143,22924,48584,43,25216,27246
"359","TC3_40:bin_000153",688,1940,187,361,7879,815,808,29016,5703,316,1119,24236,125,45116,45299,688,1940,187,361,7879,815,808,29016,5703,125,45116,45299,316,1119,24236
"360","TC3_40:bin_000157",37,72,23,13,258,47,98,66093,79,37,89,69235,48,63,51053,37,72,23,13,258,47,98,66093,79,48,63,51053,37,89,69235
"361","TC3_40:bin_000164",135,53411,8,478,142,870,1356,2155,291542,160878,2280,817,113229,700,6422,135,53411,8,478,142,870,1356,2155,291542,113229,700,6422,160878,2280,817
"362","TC3_40:bin_000165",749,715,215,24446,2668,3076,195180,8506,5414,647,959,88933,1746,8915,16554,749,715,215,24446,2668,3076,195180,8506,5414,1746,8915,16554,647,959,88933
"363","TC3_40:bin_000169",287175,21413,10346,220374,163639,466515,72316,79576,2851001,202778,91014,388707,476763,155009,444313,287175,21413,10346,220374,163639,466515,72316,79576,2851001,476763,155009,444313,202778,91014,388707
"364","TC3_40:bin_000176",696,123,7,856,62,24921,8000,82224,458,207,1347,1553,301,2708,19168,696,123,7,856,62,24921,8000,82224,458,301,2708,19168,207,1347,1553
"365","TC3_40:bin_000180",1227,3423,1009,1208,2152,1255,353512,10790,1986,1060,2237,3886,923,11442,9828,1227,3423,1009,1208,2152,1255,353512,10790,1986,923,11442,9828,1060,2237,3886
"366","TC3_40:bin_000181",1198,61703,108,6667,4459,30651,634,17520,1333,317247,6419,13084,28440,2439,160987,1198,61703,108,6667,4459,30651,634,17520,1333,28440,2439,160987,317247,6419,13084
"367","TC3_40:bin_000183",1741,4511,116,1752,2505,2190,5608,66475,426235,1842,1680,3679,1486,9364,4709,1741,4511,116,1752,2505,2190,5608,66475,426235,1486,9364,4709,1842,1680,3679
"368","TC3_40:bin_000185",10251,935,231,105093,1292,21239,495,171810,4267,16928,9303,1133,77,2318,76596,10251,935,231,105093,1292,21239,495,171810,4267,77,2318,76596,16928,9303,1133
"369","TC3_40:bin_000187",6057,1625,87,13785,47927,37342,1541,111586,1319,1219,11824,812,3461,81742,70091,6057,1625,87,13785,47927,37342,1541,111586,1319,3461,81742,70091,1219,11824,812
"370","TC3_40:bin_000188",549,338,37,277,481,340,30868,129686,2148,605,304,572,39,50387,184826,549,338,37,277,481,340,30868,129686,2148,39,50387,184826,605,304,572
"371","TC3_40:bin_000192",17290,6471,700,22002,25543,27182,4119,202520,10580,15524,14522,69306,5876,18697,17559,17290,6471,700,22002,25543,27182,4119,202520,10580,5876,18697,17559,15524,14522,69306
"372","TC3_40:bin_000193",6514,17089,680,96050,6715,1660,4838,213287,3256,4283,2238,13860,1468,4212,9665,6514,17089,680,96050,6715,1660,4838,213287,3256,1468,4212,9665,4283,2238,13860
"373","TC3_40:bin_000194",23890,2623,430,2188,3247,1802,493916,13060,2949,3241,3545,14030,7534,38427,3870,23890,2623,430,2188,3247,1802,493916,13060,2949,7534,38427,3870,3241,3545,14030
"374","TC3_40:bin_000197",2458,124,48,88,550,107078,141842,11109,1112,982,36761,19880,38,726,101671,2458,124,48,88,550,107078,141842,11109,1112,38,726,101671,982,36761,19880
"375","TC3_40:bin_000202",9851,42956,6616,14297,39645,20551,155601,23324,2432,11308,13143,65612,12501,2942,9786,9851,42956,6616,14297,39645,20551,155601,23324,2432,12501,2942,9786,11308,13143,65612
"376","TC3_40:bin_000203",5397,5178,107,10800,46356,2705,659,129059,7918,9530,38719,81650,722,3122,103084,5397,5178,107,10800,46356,2705,659,129059,7918,722,3122,103084,9530,38719,81650
"377","TC3_40:bin_000210",69245,175227,16799,272953,75220,25492,197679,51680,114100,224761,101516,158256,47593,175893,94994,69245,175227,16799,272953,75220,25492,197679,51680,114100,47593,175893,94994,224761,101516,158256
"378","TC3_40:bin_000211",186,14373,10,480,376,341,479,212,159,151,164,614,125912,392,143,186,14373,10,480,376,341,479,212,159,125912,392,143,151,164,614
"379","TC3_40:bin_000212",63034,7045,1162,13176,18638,66140,9623,192673,60798,10201,8603,15222,5916,32697,85833,63034,7045,1162,13176,18638,66140,9623,192673,60798,5916,32697,85833,10201,8603,15222
"380","TC3_40:bin_000214",9628,6220,463,68414,17036,7996,2799,109866,9173,18308,46139,8588,11923,54801,47729,9628,6220,463,68414,17036,7996,2799,109866,9173,11923,54801,47729,18308,46139,8588
"381","TC3_40:bin_000217",530,5605,34,1148,205,25812,385,3168,69126,6117,2150,1840,196,85748,1656,530,5605,34,1148,205,25812,385,3168,69126,196,85748,1656,6117,2150,1840
"382","TC3_40:bin_000230",38263,14753,1137,19988,11480,21685,3306,17336,17840,16028,27889,5748,25097,24912,7951,38263,14753,1137,19988,11480,21685,3306,17336,17840,25097,24912,7951,16028,27889,5748
"383","TC3_40:bin_000234",4811,287,363,46494,21868,13907,37188,23899,892,1341,46088,751,766,31175,16463,4811,287,363,46494,21868,13907,37188,23899,892,766,31175,16463,1341,46088,751
"384","TC3_40:bin_000238",8821,15197,1015,6070,17247,12964,67060,37686,9167,8163,24512,55525,2030,5130,123675,8821,15197,1015,6070,17247,12964,67060,37686,9167,2030,5130,123675,8163,24512,55525
"385","TC3_40:bin_000246",54639,14388,684,34916,210249,147529,221818,2733252,157138,23496,18273,39157,32009,316820,39658,54639,14388,684,34916,210249,147529,221818,2733252,157138,32009,316820,39658,23496,18273,39157
"386","TC3_40:bin_000250",81878,50585,5381,58252,49281,48695,25670,275266,72504,72005,49117,63412,37862,58108,34265,81878,50585,5381,58252,49281,48695,25670,275266,72504,37862,58108,34265,72005,49117,63412
"387","TC3_40:bin_000256",58190,31654,1776,24536,45383,23714,169230,40027,11244,23032,10374,33554,4365,106492,42534,58190,31654,1776,24536,45383,23714,169230,40027,11244,4365,106492,42534,23032,10374,33554
"388","TC3_40:bin_000259",24745,30416,2334,14274,15304,12623,8209,26964,15171,19644,35732,16726,7344,81789,415721,24745,30416,2334,14274,15304,12623,8209,26964,15171,7344,81789,415721,19644,35732,16726
"389","TC3_40:bin_000266",1545,21358,280,13814,2125,11630,14134,7781,203694,8080,3991,4422,456,4458,8954,1545,21358,280,13814,2125,11630,14134,7781,203694,456,4458,8954,8080,3991,4422
"390","TC3_40:bin_000274",48338,109645,95114,96721,85226,14415,42113,71593,9700,38766,66936,56793,186503,8066,13675,48338,109645,95114,96721,85226,14415,42113,71593,9700,186503,8066,13675,38766,66936,56793
"391","TC3_40:bin_000276",2473,2610,874,3948,3362,2807,4406,457301,3626,2428,1689,2969,823,8761,10489,2473,2610,874,3948,3362,2807,4406,457301,3626,823,8761,10489,2428,1689,2969
"392","TC3_40:bin_000282",555,1489,26,886,1312,40482,9817,31148,916,3229,2180,12139,150,14176,104832,555,1489,26,886,1312,40482,9817,31148,916,150,14176,104832,3229,2180,12139
"393","TC3_40:bin_000293",9698,20972,1216,14583,12594,8664,34468,16969,12376,10548,11877,18075,4069,109382,6644,9698,20972,1216,14583,12594,8664,34468,16969,12376,4069,109382,6644,10548,11877,18075
"394","TC3_40:bin_000294",1982,6795,744,5407,12037,20972,137527,15988,5349,5587,2205,7278,3235,17628,3398,1982,6795,744,5407,12037,20972,137527,15988,5349,3235,17628,3398,5587,2205,7278
"395","TC3_40:bin_000301",883,2035,31,14600,2220,26460,152,52678,399,5456,5918,5136,46,41857,9046,883,2035,31,14600,2220,26460,152,52678,399,46,41857,9046,5456,5918,5136
"396","TC3_40:bin_000312",4208,60697,2769,2021,4978,4870,82146,4611,534,2375,6088,6162,27638,66845,32241,4208,60697,2769,2021,4978,4870,82146,4611,534,27638,66845,32241,2375,6088,6162
"397","TC3_40:bin_000318",92549,79538,13818,71527,117540,36252,36729,130074,62233,171517,64251,627953,103567,58278,17200,92549,79538,13818,71527,117540,36252,36729,130074,62233,103567,58278,17200,171517,64251,627953
"398","TC3_40:bin_000342",177985,331993,82046,129330,228816,21377,4763,1295683,34,166,64129,99122,206087,20800,91360,177985,331993,82046,129330,228816,21377,4763,1295683,34,206087,20800,91360,166,64129,99122
"399","TC3_40:bin_000345",10515,12329,3783,61550,37170,5965,77628,57665,8864,13974,30906,88162,32335,35785,6764,10515,12329,3783,61550,37170,5965,77628,57665,8864,32335,35785,6764,13974,30906,88162
"400","TC4_40:bin_000008",7182,6545,1038,16042,4277,4873,2903,3750,4872,5824,3735,525679,10723,4588,3649,7182,6545,1038,16042,4277,4873,2903,3750,4872,10723,4588,3649,5824,3735,525679
"401","TC4_40:bin_000010",933,2326,36,885,966,4065,15523,3906,84942,588833,5310,129266,256,81037,453844,933,2326,36,885,966,4065,15523,3906,84942,256,81037,453844,588833,5310,129266
"402","TC4_40:bin_000011",132744,25032,5396,41005,58288,126679,68837,86872,317891,73219,62455,473950,44836,35708,10729,132744,25032,5396,41005,58288,126679,68837,86872,317891,44836,35708,10729,73219,62455,473950
"403","TC4_40:bin_000012",254567,1362748,253952,831256,92940,6787,10841,132436,17652,133478,1647965,34149,607599,17405,30986,254567,1362748,253952,831256,92940,6787,10841,132436,17652,607599,17405,30986,133478,1647965,34149
"404","TC4_40:bin_000014",215093,92242,11767,61162,105035,9575,36799,138282,19650,27595,96420,178777,35858,160478,12495,215093,92242,11767,61162,105035,9575,36799,138282,19650,35858,160478,12495,27595,96420,178777
"405","TC4_40:bin_000015",10777,2336,121,8761,1511,2120,8616,22316,2014,103026,1289,168689,2970,3628,1127,10777,2336,121,8761,1511,2120,8616,22316,2014,2970,3628,1127,103026,1289,168689
"406","TC4_40:bin_000017",4079,49433,112,9699,38748,12855,58859,83836,4298,23954,43887,335541,1496,21448,12520,4079,49433,112,9699,38748,12855,58859,83836,4298,1496,21448,12520,23954,43887,335541
"407","TC4_40:bin_000027",5285,4998,425,14417,138217,33219,351461,136669,8364,27851,80428,128288,4825,13151,13844,5285,4998,425,14417,138217,33219,351461,136669,8364,4825,13151,13844,27851,80428,128288
"408","TC4_40:bin_000028",95970,379101,617,5556,52708,12020,70963,1252,1582,5120,158590,139491,78,130,76,95970,379101,617,5556,52708,12020,70963,1252,1582,78,130,76,5120,158590,139491
"409","TC4_40:bin_000035",45522,3313,11468,3193,6027,64659,1690,5120,10939,483595,132955,114870,10090,1971,27550,45522,3313,11468,3193,6027,64659,1690,5120,10939,10090,1971,27550,483595,132955,114870
"410","TC4_40:bin_000038",339,385,22,533,365,511,2908,980,357,333,396,162797,521,1055,409,339,385,22,533,365,511,2908,980,357,521,1055,409,333,396,162797
"411","TC4_40:bin_000052",28761,213016,12370,191,27148,4488,23269,6164,1950,1307,217723,256682,464,1866,938,28761,213016,12370,191,27148,4488,23269,6164,1950,464,1866,938,1307,217723,256682
"412","TC4_40:bin_000060",1337,3812,90,2386,3766,37863,3200,9435,87604,283901,460,1475,1462,3655,3085,1337,3812,90,2386,3766,37863,3200,9435,87604,1462,3655,3085,283901,460,1475
"413","TC4_40:bin_000068",297731,15661,2168,233155,17384,6519,74350,71207,3181,89824,211083,205774,215226,3190,6857,297731,15661,2168,233155,17384,6519,74350,71207,3181,215226,3190,6857,89824,211083,205774
"414","TC4_40:bin_000072",1535,39653,34301,740,9099,3799,1636,768,48,1552,2010,272896,24,6,18,1535,39653,34301,740,9099,3799,1636,768,48,24,6,18,1552,2010,272896
"415","TC4_40:bin_000073",452,846,208,12379,88303,68616,48859,39894,23991,4962,112481,79933,421,5866,63948,452,846,208,12379,88303,68616,48859,39894,23991,421,5866,63948,4962,112481,79933
"416","TC4_40:bin_000076",2431,33069,24521,19478,15610,10717,87032,9530,10954,47308,16862,147747,39200,64880,25153,2431,33069,24521,19478,15610,10717,87032,9530,10954,39200,64880,25153,47308,16862,147747
"417","TC4_40:bin_000077",37263,57925,7170,14320,29686,3456,20639,21956,36512,70967,242562,10518,97047,19963,12152,37263,57925,7170,14320,29686,3456,20639,21956,36512,97047,19963,12152,70967,242562,10518
"418","TC4_40:bin_000079",19073,24897,7040,24142,12112,22504,13935,20396,15675,81141,29680,72955,63443,7396,14975,19073,24897,7040,24142,12112,22504,13935,20396,15675,63443,7396,14975,81141,29680,72955
"419","TC4_40:bin_000084",74882,43010,7787,23922,17864,3549,9568,7265,15443,12728,201032,68164,56627,7051,3915,74882,43010,7787,23922,17864,3549,9568,7265,15443,56627,7051,3915,12728,201032,68164
"420","TC4_40:bin_000085",5172,3478,21878,4596,4204,2371,1977,6248,7059,2141,258917,2001,5900,4227,9757,5172,3478,21878,4596,4204,2371,1977,6248,7059,5900,4227,9757,2141,258917,2001
"421","TC4_40:bin_000091",5516,54398,30,2551,3451,13152,32889,80726,1247,123167,3631,210170,1065,29738,16731,5516,54398,30,2551,3451,13152,32889,80726,1247,1065,29738,16731,123167,3631,210170
"422","TC4_40:bin_000097",958,9646,352,1321,55711,2902,5822,7465,4947,6034,3480,123131,7401,19347,4056,958,9646,352,1321,55711,2902,5822,7465,4947,7401,19347,4056,6034,3480,123131
"423","TC4_40:bin_000099",91740,327268,9866,79255,12527,5602,91677,36245,46410,25332,167057,118099,27234,3324,35897,91740,327268,9866,79255,12527,5602,91677,36245,46410,27234,3324,35897,25332,167057,118099
"424","TC4_40:bin_000100",898,4169,35,777,106,812,1479,155,67125,64763,146714,3333,1676,626,694,898,4169,35,777,106,812,1479,155,67125,1676,626,694,64763,146714,3333
"425","TC4_40:bin_000105",2516,282308,4579,2882,3416,1518,34139,2988,377734,34821,5205,403090,2377,3286,141269,2516,282308,4579,2882,3416,1518,34139,2988,377734,2377,3286,141269,34821,5205,403090
"426","TC4_40:bin_000112",1844,84308,236,6480,1239,2958,14279,13142,2074,41178,6366,118739,1092,4871,2956,1844,84308,236,6480,1239,2958,14279,13142,2074,1092,4871,2956,41178,6366,118739
"427","TC4_40:bin_000115",46601,91644,4079,38883,60525,117639,10279,186141,25925,261841,22591,24981,70999,23754,23002,46601,91644,4079,38883,60525,117639,10279,186141,25925,70999,23754,23002,261841,22591,24981
"428","TC4_40:bin_000120",46335,77510,6575,1851,74154,8226,69696,56238,21103,56581,100030,72356,17466,26102,17363,46335,77510,6575,1851,74154,8226,69696,56238,21103,17466,26102,17363,56581,100030,72356
"429","TC4_40:bin_000125",3804,28007,225,61532,11729,6767,45308,33483,10447,190589,7253,82930,4916,6994,7849,3804,28007,225,61532,11729,6767,45308,33483,10447,4916,6994,7849,190589,7253,82930
"430","TC4_40:bin_000126",9548,8819,255,33693,16590,79156,54885,35126,42882,1143562,206076,53896,24646,148815,526012,9548,8819,255,33693,16590,79156,54885,35126,42882,24646,148815,526012,1143562,206076,53896
"431","TC4_40:bin_000129",16657,3654,386,11820,1064,20810,13985,13777,6035,2776,308278,389,27081,46937,12707,16657,3654,386,11820,1064,20810,13985,13777,6035,27081,46937,12707,2776,308278,389
"432","TC4_40:bin_000137",39687,175656,19231,16696,35487,13717,21931,45923,15293,10776,215448,37068,14740,66384,69407,39687,175656,19231,16696,35487,13717,21931,45923,15293,14740,66384,69407,10776,215448,37068
"433","TC4_40:bin_000138",14575,8689,1356,90187,56668,37879,157927,69377,65396,30122,32629,142578,50230,90542,47572,14575,8689,1356,90187,56668,37879,157927,69377,65396,50230,90542,47572,30122,32629,142578
"434","TC4_40:bin_000142",12241,148,6,248,90,1322,1781,2861,176,2138,4134,295515,275,84,1192,12241,148,6,248,90,1322,1781,2861,176,275,84,1192,2138,4134,295515
"435","TC4_40:bin_000155",4913,115,60,292,11380,169,551,6489,151,7493,102,117802,80,3192,3338,4913,115,60,292,11380,169,551,6489,151,80,3192,3338,7493,102,117802
"436","TC4_40:bin_000157",14110,5101,1481,1806,7852,25930,3548,31946,11554,11682,249204,2338,7079,8247,25098,14110,5101,1481,1806,7852,25930,3548,31946,11554,7079,8247,25098,11682,249204,2338
"437","TC4_40:bin_000159",5622,50178,15,7490,770,4359,1227,42886,10980,11780,120129,7702,1346,2652,8141,5622,50178,15,7490,770,4359,1227,42886,10980,1346,2652,8141,11780,120129,7702
"438","TC4_40:bin_000170",43375,110865,1565,135857,62266,41445,206348,186706,376860,351406,10937,183613,13902,91495,59949,43375,110865,1565,135857,62266,41445,206348,186706,376860,13902,91495,59949,351406,10937,183613
"439","TC4_40:bin_000190",15671,24116,3167,21729,18604,18316,23228,54491,66473,7176,222447,9427,23949,45184,21170,15671,24116,3167,21729,18604,18316,23228,54491,66473,23949,45184,21170,7176,222447,9427
