"","C001F","C002F","C003F","C004F","C005F","C006F","C007F","C008F","C009F","C013F","C014F","C015F"
"D300038:bin_000002",288899,190312,35479,116358,12905,13493,9383,106297,19,197412,10483,45602
"D300038:bin_000004",410700,85225,43906,143124,100801,63726,273960,94210,88305,89070,104602,48209
"D300038:bin_000006",476331,126035,888,34969,8357,6026,22346,107205,26062,406118,16980,11235
"D300038:bin_000008",1370953,11436,30921,40473,24179,23015,21955,24037,36965,23880,36516,22955
"D300038:bin_000012",651150,1547489,1490243,1683035,114072,8874,88679,2019293,5561,6777342,404532,18729
"D300038:bin_000014",664706,203403,7347,693624,27409,261339,36973,40830,166473,236666,219698,136638
"D300038:bin_000017",326989,730303,71598,4400,85870,106,137776,9646,24,230753,241196,37
"D300038:bin_000022",741629,2533,3360,921,3561,693,8062,2744,1285,918,1414,1290
"D300038:bin_000025",583474,567509,7835,675465,321932,18057,103341,245505,49704,3582,19931,246527
"D300038:bin_000030",179417,744162,1450,46572,12516,36271,47092,144269,20385,40539,49362,7836
"D300038:bin_000034",12869748,43430,47544,1594308,3554724,7079058,6856111,4363617,6305968,8402871,7011841,7998301
"D300038:bin_000037",342862,633,311,310685,286846,74189,9583,226488,209913,154387,104250,63067
"D300040:bin_000005",2885,1305702,613,10065,14532,2649,7673,13785,6538,5784,11873,2773
"D300040:bin_000007",80141,314330,2129,266276,37336,27477,115399,205520,32126,366218,67517,30808
"D300040:bin_000008",3687,502525,6284,39395,37360,10251,7310,104059,19515,744745,2944,5114
"D300040:bin_000012",162820,1925925,54885,1898558,76018,527393,67395,164173,336819,805692,587405,376387
"D300040:bin_000013",24988,596447,5571325,351418,847407,6746,16988,170495,17020,617454,23027,47320
"D300040:bin_000014",418150,1095951,7199,195356,365335,182630,138331,131446,1061103,402289,127517,275745
"D300040:bin_000015",1845,300529,23,13666,1134,665,4014,4980,1561,99544,1110,398
"D300040:bin_000016",105613,209233,12427,26466,31745,16614,101123,69450,27596,41484,62400,17302
"D300040:bin_000022",419505,387041,6418,158,152752,60,191734,36884,91,445062,214441,17675
"D300040:bin_000024",251550,5260858,102085,8435774,348318,1947885,3557492,1291396,3172571,1901752,196042,1993270
"D300040:bin_000029",6292,209494,401,231327,4572,10933,39293,49875,9267,2987,18461,12716
"D300040:bin_000034",19605,155242,495,9695,15022,2620,33532,40015,29682,7392,12622,5637
"D300040:bin_000042",68052,257215,13039,17225,14067,1357,2663,3546,1592,2108,3030,9626
"D300040:bin_000062",2135,207291,245,1388,635,7988,625,35331,3813,3111,2613,6154
"D300042:bin_000001",7655,41333,944181,2421,12673,1614,3010,4907,2041,6890,3738,2929
"D300042:bin_000002",3246837,548080,860448,395069,757513,1218400,1374447,1642658,752199,1094337,2041674,1411623
"D300042:bin_000007",143899,69765,557307,644314,87600,61678,56200,93615,5544,170513,10760,10781
"D300042:bin_000015",37492,771404,108389,37756,85932,60894,61636,48316,17306,80940,19058,28588
"D300044:bin_000001",1729981,3061,44969,943844,1457338,1031052,57141,1107567,10648,14483,85258,13759
"D300044:bin_000003",143391,141235,261,365250,448727,186242,644300,97091,100799,5586,163908,87830
"D300044:bin_000004",27070,3769,364,285389,253575,61534,10074,5576,6779,748,30870,18888
"D300044:bin_000006",470395,418230,27261,479743,74765,217095,236142,156070,34989,168862,91383,175730
"D300044:bin_000007",666,724,354,834477,867,1425,7090,487626,3888,308676,709,784
"D300044:bin_000008",62280,17604,1984,749796,574050,1548505,417340,39572,76651,70466,1203790,208365
"D300044:bin_000012",22070,1320,6644,210221,534328,57425,187722,146775,495,1016,188243,519
"D300044:bin_000014",16646,6390,1451,1699660,942392,895661,51301,1000241,1700122,172452,4142,25360
"D300044:bin_000015",3871,8748,197,472953,1175,997,4244,2173,3248,19601,2451,1423
"D300044:bin_000018",38434,12152,3462,253931,3209,7127,12668,6712,59646,6781,12054,2172
"D300044:bin_000021",46916,22042,2654,5313636,1239911,358961,86337,52216,2826001,2430665,568030,46957
"D300044:bin_000029",94039,66084,2087,316136,4262,22262,4308,5117,44150,1685,43331,57242
"D300044:bin_000030",412,1628,50,376578,3919,39280,1032,2854,4596,122683,23766,809
"D300044:bin_000031",3955,380,4902,217579,50227,65513,113358,6939,48008,285105,30827,43830
"D300044:bin_000035",16947,24308,4191,438896,15390,24160,10412,30316,13304,20349,9784,35800
"D300044:bin_000038",24012,56586,4205,333920,14398,43429,22290,22792,6988,19069,9663,116283
"D300044:bin_000054",3733,4463,3278,172430,10837,5877,4846,12702,12563,3009,6900,10018
"D300046:bin_000001",50368,7812,1340,26377,801898,106921,70348,117445,6331,5735,63985,71593
"D300046:bin_000004",48809,7843,625,5150,645578,3468,17472,25488,141925,49158,9027,26835
"D300046:bin_000006",10678306,30201,12637,2531977,2364224,83735,75576,2475591,69146,152098,7998564,81354
"D300046:bin_000012",19878,6523,1038,27258,452030,49564,15710,23248,31228,13807,64368,22625
"D300046:bin_000013",76954,72851,20360,14773,526452,15292,123250,55305,15490,25054,40665,24668
"D300046:bin_000014",4682,2220,586,337384,765417,2438,192504,5639,20681,4247,1996,882610
"D300046:bin_000016",5193,1126,95,6424,184501,10302,15675,7739,2466892,958,2555,17405
"D300046:bin_000022",28921,18825,3201,21672,346709,53593,11842,28162,168918,148199,15364,16585
"D300046:bin_000024",8033,4177,320,5538,326519,2525,6392,50742,5312,2943,13310,20943
"D300046:bin_000030",40956,32376,9879,56516,418957,13690,51225,69986,34506,35172,36229,33998
"D300046:bin_000045",35,4,1923,188,71033,1001,492,730,227,167,709,142
"D300046:bin_000048",8926,2961,673,4035,799945,2674,11581,17414,11834,5147,252859,32258
"D300046:bin_000054",28303,26897,4182,66681,168385,33546,23884,23469,25903,37656,11247,22480
"D300046:bin_000055",1210,2070,724,3921,101421,4353,2520,8018,583,684,1807,446
"D300046:bin_000057",9724,4586,93,3655,106289,11529,5949,19764,5404,2824,9387,14055
"D300046:bin_000058",1120,701,21288,1749,60490,33,1399,28,65,309,250,4
"D300046:bin_000063",3854,3501,436,2826,109669,3255,16551,5839,4507,1582,2808,1876
"D300048:bin_000001",52598,3863,462,423296,582360,836694,192073,667522,844200,430698,6597,4870
"D300048:bin_000002",433389,911269,142594,19463,78124,318831,236563,1429,134,1828053,1108,258116
"D300048:bin_000006",13817,3123,231,1862,2537,962338,4737,7852,1968,4355,4584,2608
"D300048:bin_000007",790456,738415,320565,163342,1686248,956587,3028,350692,4888,652208,137959,71991
"D300048:bin_000012",539789,77800,6291,270672,30431,589284,380635,243606,70651,23694,74056,79998
"D300048:bin_000018",16364,15064,2629,8755,13814,2973141,16894,23942,16934,11902,1435458,26001
"D300048:bin_000021",10008,12094,2779,6737,11882,2404105,24245,13448,23948,7682,12982,41643
"D300048:bin_000024",15546,226192,16100,4008,710,151719,13640,6220,1289,5837,77321,222
"D300048:bin_000025",3287,20810,1069,66433,4420,134308,120902,55187,48182,162,14393,12191
"D300048:bin_000027",193,646,0,127,46,310457,2681,765,796,80,423,60720
"D300048:bin_000031",142064,169107,22011,906378,211728,1861277,59498,1200950,112353,1580567,71823,109248
"D300050:bin_000001",11229,3611,939,22357,24061,96409,1470150,747786,34351,3390,355321,611878
"D300050:bin_000002",7620,3255,2224,3107,6080,13180,356167,70613,5482,5834,13334,23886
"D300050:bin_000004",13947,36001,313,5574,21862,8143,1372960,99005,18051,54956,203821,4646
"D300050:bin_000005",60770,63516,12121,558883,17678,111519,1018775,266040,25800,80803,18963,24969
"D300050:bin_000006",1348,4898,251,488,8704,2256,533820,35616,2998,2456,47825,5216
"D300050:bin_000007",64371,80031,9891,120537,553477,57147,2246818,40179,90674,116861,32165,70339
"D300050:bin_000010",7631,4581,152,1433,1516,109235,261994,21356,6556,1537,95737,212892
"D300050:bin_000012",13679,19000,1526,11998,14571,14027,654835,28630,14237,7105,26619,24090
"D300050:bin_000017",1531,13831,56,70774,4493,18753,193313,11712,816,7400,3384,11934
"D300050:bin_000018",31942,7272,1569,29748,81824,241130,480630,37714,131519,52295,45445,204445
"D300050:bin_000027",82936,5803,6843,32605,176512,53621,324803,30146,23912,37795,32566,32929
"D300050:bin_000028",69964,5213,974,27886,45292,158340,1892991,202093,283077,59505,7155,34209
"D300050:bin_000037",7,23,12,11,18,3,227839,77,237,21,11167,11
"D300050:bin_000040",1458,2470,813,1873,111747,6047,1448554,2769,1580,1662,51977,14332
"D300050:bin_000041",953959,1481,23271,626310,27,738844,778557,9864,179555,407848,263144,543942
"D300050:bin_000042",4780,11100,480,4843,3551,1925,140571,9411,2890,4464,3077,3786
"D300050:bin_000052",1987,654,1709,64606,89152,111637,502038,267791,187819,54371,27798,318329
"D300050:bin_000054",3332,4999,35,2338,6720,16967,99799,8254,28120,2299,2996,4907
"D300050:bin_000056",40172,243943,36628,27200,99324,23942,258797,34475,30353,31964,27581,22322
"D300050:bin_000060",739,362,20,328,53,579,283041,1790,933,277,520,946
"D300050:bin_000074",5437,35792,248,9247,17698,1703,95345,10064,6216,4435,38540,1869
"D300050:bin_000085",35423,135953,507,1856,12575,2873,56721,4777,516,6,368,102
"D300053:bin_000003",167870,70193,186536,64059,19869,3947,54571,193725,45707,3211,3424,59458
"D300053:bin_000006",4191,4555,235,1663,2032,4587,11809,384837,5853,876,4728,8847
"D300053:bin_000007",482693,7683,136,3502,3038,370451,17562,677505,10032,5341,2435,1790
"D300053:bin_000008",48331,7204,1648,8063,21316,30606,78265,921080,74075,5288,108199,11451
"D300053:bin_000011",59269,215682,1487,119538,26916,20893,28334,443108,22632,16751,22728,110010
"D300053:bin_000012",26222,7161,15,415,3005,8281,2243,166432,9984,99,1453,2559
"D300053:bin_000017",30441,14663,1497,140312,118477,162602,52066,1211677,43971,26702,22333,42412
"D300053:bin_000019",3237,1721,428,1243,110568,4502,156132,214264,2790,1098,5235,6142
"D300053:bin_000020",6888,1850,148,33366,17527,3585,3828,1061377,2817,1463,26128,6124
"D300053:bin_000022",4849,8603,3358,4741,7413,8013,3491,252418,5547,1800,6649,6948
"D300053:bin_000028",348,138,52,562,872,1622,27031,426907,338,62,2451,16419
"D300053:bin_000030",199318,21429,2339,161712,1464573,10206,230700,1216430,208746,28559,203055,720073
"D300053:bin_000034",88694,27463,2306,357271,57759,53744,124255,541318,33350,57712,181509,448070
"D300053:bin_000037",8452,1616,267,813,66661,6971,21376,145124,2418,1406,9260,20778
"D300053:bin_000040",2541,2315,204,7830,197507,2087729,1026095,416371,597344,49375,127137,1184364
"D300053:bin_000041",127650,379531,5978,20923,203155,15222,20295,207456,116388,45416,12175,20015
"D300053:bin_000046",3803,7306,54,1583,2627,4419,12708,148186,4031,10463,15593,2471
"D300053:bin_000055",27412,1008,71,5072,2591,133162,83984,111463,1449,725,29341,20905
"D300053:bin_000056",6006,12660,32,1321,1984,14188,6187,501558,52081,944,12419,9785
"D300053:bin_000061",653,91,12,177,638,995,6076,134404,115,37,943,3920
"D300053:bin_000079",63673,45887,4647,88768,17366,37845,58702,328259,33000,14068,31504,38663
"D300053:bin_000083",65310,157599,39058,384222,100860,179959,253882,332027,280450,118296,93646,146826
"D300053:bin_000087",7623,15310,1656,10753,22600,34649,42310,228438,7428,18509,6277,15883
"D300055:bin_000001",17620,2879,1499,8582,26237,50372,25915,49520,556896,3890,5553,33771
"D300055:bin_000005",20901,29726,365,28954,2459,2820,6880,11947,340644,24852,6410,8398
"D300055:bin_000007",44267,41892,6213,73165,66077,214227,244370,66634,644222,67463,28263,137109
"D300055:bin_000008",64666,96928,202319,234685,227070,468,62414,988172,596985,547756,829443,293875
"D300055:bin_000009",81426,35572,431,150044,246829,3906,6855,125120,1205965,4804,8919,744106
"D300055:bin_000010",3245030,3699489,20269,2952580,2306716,3632342,268107,302273,2542833,4308344,2254676,1775350
"D300055:bin_000013",124991,4908,733,22819,131785,23673,10982,107974,292318,24191,293516,12952
"D300055:bin_000016",7885,15153,1296,45869,153059,18740,4955,1275011,715765,7477,6378,39669
"D300055:bin_000017",98223,3461,13859,170196,13833,3905,694089,9160,610077,6682,14049,5881
"D300055:bin_000031",2364,192104,67,2474,4774,9305,2434,6668,195709,2668,3333,71891
"D300055:bin_000032",5472,5821,570,5811,7053,3425,8537,157482,167138,54646,7101,3141
"D300055:bin_000033",11207,11059,846,15591,14770,23113,21334,13270,226661,6558,21490,12047
"D300055:bin_000034",2231,4298,398,2907,61189,7618,3305,4044,382391,2834,5560,6528
"D300055:bin_000037",77502,33673,4383,280709,150024,404262,99741,54465,1611437,67536,338574,687999
"D300057:bin_000002",215256,132353,3345,5484,31320,130802,5775,56970,32871,190246,4237,7433
"D300057:bin_000009",9950,4348,1403,8113,13116,3380,13981,16428,18750,6676,11573,21541
"D300057:bin_000011",57181,39964,5033,286953,89205,111737,44793,111191,111659,44409,70183,115065
"D300057:bin_000014",31606,10586,1401,70231,25121,6310,7591,44639,12805,285065,14058,14648
"D300057:bin_000023",3164,2027,619,6718,4947,2910,8003,5940,3905,9629,4568,5173
"D300057:bin_000025",224,322,806,292,375,1112,51413,777,2677,517,479,12778
"D300057:bin_000028",3851,2986,6326,435031,349355,159808,154278,307759,126036,110487,40483,342295
"D300057:bin_000034",4980,418,43,8074,9318,3680,28058,3805,1014,653,320,10654
"D300057:bin_000035",11981,10194,42,8338,1324,34660,4892,13332,63032,1487,7763,29905
"D300059:bin_000001",7655,8715,2555,16600,5149,7623,6465,6766,7834,35788,6643,8395
"D300059:bin_000002",521882,461066,6750,662958,457421,729365,1641816,4062453,153445,453357,431248,544035
"D300059:bin_000003",3680,7656,1559,2785,3261,1582,4019,8502,2897,3289,2738,2469
"D300059:bin_000009",10230,20681,2304,5147,97181,1074,3711,3537,2603,18550,2935,53449
"D300059:bin_000012",17359,13381,1231,99450,44308,31614,36218,335556,40086,29262,62370,20375
"D300059:bin_000015",5300581,139009,115347,1107948,658245,6975765,345868,4526465,5976877,1313772,1378508,3981404
"D300059:bin_000021",2078377,26529,3945,795846,2107562,97454,421970,5079952,25092,31620,3316936,1514535
"D300059:bin_000029",2863,795,38,699,2056,1519,1206,4877,942,426,965,1496
"D300059:bin_000031",23815,3833,904,64168,38323,171187,49486,65139,120359,117828,36414,27399
"D300059:bin_000047",34114,48392,3502,112717,21847,29166,46771,45966,43907,16983,29760,47864
"D300059:bin_000052",44732,63197,129593,59688,40453,25213,10363,33196,12294,36487,5538,11588
"D300061:bin_000002",186252,7681,3411,58463,30072,32864,44697,70474,375769,20291,937812,33461
"D300061:bin_000003",13188325,12663236,2846221,7427097,1370524,35640,22053,2695486,22831,14401881,22667,52871
"D300061:bin_000005",11212,7386,1319,5595,9459,2782,5356,129619,5117,6039,28826,5619
"D300061:bin_000007",96124,3809,932,55663,102333,561264,44753,37556,18230,27187,15775,32620
"D300061:bin_000008",8485,5310,771,12030,4457,11442,100534,7791,9763,64789,5361,9017
"D300061:bin_000015",2439,1448,2953,17303,6936,63775,388562,120429,464803,378674,44075,120792
"D300061:bin_000017",40569,23419,1019,34609,28025,44773,27305,26372,27638,35848,29268,26726
"D300061:bin_000026",278821,104620,5775,24380,217394,169554,374656,807552,56930,129905,35675,311845
"D300061:bin_000027",28074,102797,307,10334,222461,7742,15243,51636,28776,34107,28296,58122
"D300061:bin_000028",64070,1462810,4251,48225,520015,9360,9509,162558,301480,131550,35620,12599
"D300061:bin_000029",31867,154926,19419,30507,190049,7477,17718,108490,14467,486756,132099,8310
"D300061:bin_000031",49887,120656,6586,13907,22921,26308,64363,90067,58331,8068,43591,31903
"D300061:bin_000034",214153,122957,24410,7832680,94756,205863,415951,116215,198120,171651,91580,176942
"D300061:bin_000036",270953,1201018,705,16383,12559,1781,1458,4051,6193,601523,55713,1835
"D300061:bin_000039",321813,66393,1774,9126,5258,12366,183159,91361,2282,109692,10134,283
"D300061:bin_000056",44289,192951,656,17543,1647,10667,14227,7217,1457046,8788,5669,9772
"D300061:bin_000059",1544,416,161,306,3196,1150,2002,950,1107,444,1606,168
"D300061:bin_000062",108724,4533,627,9829,3863,10459,3883,30382,5744,7719,69931,4350
"D300061:bin_000072",5087,5070,798,32235,22179,2752,20116,3384,3250,5537,1267,55833
"D300061:bin_000080",271276,10862,1178,17658,21307,16489,724190,249226,53020,58265,501655,27043
"D300061:bin_000088",7877,46088,6351,30190,48279,56572,49791,111911,40772,100493,32941,118704
"D300061:bin_000095",23440,13869,1683,15871,110668,15448,80603,66896,21825,21819,24792,8631
"D300063:bin_000002",1552,5283,35,9524,164,1483,17998,493,500,392379,348,35780
"D300063:bin_000008",629720,1498972,2091,438343,14626,4209,124337,15344,8389,508114,14582,6452
"D300063:bin_000009",3722,5039,296,3110,35181,1672,4397,19577,51825,391840,7893,7648
"D300063:bin_000015",2445,90830,370,1430,11695,2510,1503,6179,3240,453484,2871,2562
"D300063:bin_000023",91703,29766,3555,55244,74888,15770,23621,92377,106662,394897,38577,190345
"D300063:bin_000026",615,5609,4940,1277,265,87,3857,2523,128,258216,125,161
"D300063:bin_000028",35096,24968,1932,72128,13980,35411,12584,38157,59727,880244,117259,20727
"D300063:bin_000034",86966,100085,32631,49092,282204,17535,47437,41895,23882,1482914,30791,26674
"D300063:bin_000042",11703,20166,6332,22427,8600,8495,6961,8119,7053,1389419,5578,12726
"D300063:bin_000052",37983,4712,1234,13344,35639,4773,4045,19566,5475,572004,13167,5448
"D300063:bin_000060",15852,92817,27517,59449,171266,25783,34183,36771,6569,281820,14263,13565
"D300063:bin_000063",11184,14463,12408,42166,131596,31818,96997,21969,15520,250501,15260,96852
"D300063:bin_000065",18378,11739,6826,20474,21711,5679,34982,12051,16238,255057,7889,7422
"D300065:bin_000002",1405,1398,131,400,1422,1161,1719,13163,1071,1224,247215,1056
"D300065:bin_000004",14871,104597,777,224815,21931,95673,99850,564049,9688,24808,707301,7144
"D300065:bin_000005",76316,177559,3848,40104,157347,15512,17356,18249,17172,16020,599567,20259
"D300065:bin_000006",9433,7745,559,46678,8308,31880,237693,41117,13867,12389,603031,13505
"D300065:bin_000007",3544,4026,505,5476,4643,24625,314235,1138479,3851,4617,1639706,3651
"D300065:bin_000008",3673,2761,237,6660,4906,12305,6419,390523,7657,2612,269807,17367
"D300065:bin_000010",739905,495438,31498,443187,420121,40625,119878,993466,550798,908131,1118953,69203
"D300065:bin_000012",6288,5232,1922,5969,4662,3243,5025,15944,6213,3657,559590,8053
"D300065:bin_000014",203907,90980,5485,471159,100795,38081,165181,86094,49120,610070,465091,197886
"D300065:bin_000016",49738,40070,4430,34290,42634,29534,1136116,267789,29809,23056,874658,48891
"D300065:bin_000020",3355,2656,369,4800,14672,15566,3378,40619,3519,2253,302631,9435
"D300065:bin_000021",124767,583231,35338,519433,145737,314312,466629,116060,463941,230712,294301,156130
"D300065:bin_000022",3776,1105,245,1396,13713,785,5304,4161,1352,4193,252896,4040
"D300065:bin_000024",343673,2772,1122,10082,224012,13165,4433,537443,6214,1284,766670,51747
"D300065:bin_000029",12624,12,109,24341,313,42,284,1956,11186,4624,2218554,2459
"D300065:bin_000030",184981,109184,639740,89986,97736,627,79515,139218,82220,191600,189750,106941
"D300065:bin_000033",1386,2852,14,879,314,2241,1220,4711,4502,2955,166267,5807
"D300065:bin_000034",4614,3864,581,4988,4463,3413,7804,146496,4799,2648,282985,26486
"D300065:bin_000039",81,289,137,71,238,63,2426,3018,18953,239,889573,105
"D300065:bin_000041",266,456,117,374,2022,2463,4346,34236,479,318,279502,727823
"D300065:bin_000042",112544,102054,12367,547397,62272,139593,260006,196355,279939,197564,524635,213627
"D300065:bin_000047",0,4,5086,10,151,11143,450,179,1,14,1368699,3913
"D300065:bin_000048",7,6,8,24,119,2325,926,57,14,4,669385,979
"D300065:bin_000051",27899,45679,810,12942,131396,4172,11563,30586,11555,11909,695156,16333
"D300065:bin_000053",22607,29543,2662,34833,13174,13956,203692,32988,143126,11170,351867,476961
"D300065:bin_000055",11,15,25,7663,221,1827,422,21315,96,15,62625,187
"D300065:bin_000056",3448,6206,1185,3290,7835,2803,5528,12436,6007,2497,163875,6078
"D300065:bin_000057",10808,16330,3473,7564,31875,1667,3655,30526,14113,79525,228051,3465
"D300065:bin_000062",3801,1378,77,6324,5895,6303,150139,4719,49215,4042,147340,402642
"D300068:bin_000001",204635,1277,14067,182853,134720,260553,360134,109797,556417,70169,359007,407614
"D300068:bin_000003",13519,32,16,60,273,118729,23653,10100,106591,15,626,274607
"D300068:bin_000005",191699,7445,105,3515,2762,56238,5866,130678,1117,2285,11496,356847
"D300068:bin_000007",3816,7132,1265,9261,6467,36358,5689,9181,40421,3803,8283,893105
"D300068:bin_000010",620762,2248273,2878,88616,88977,202775,15204,25170,1481231,5515,140205,601946
"D300068:bin_000011",105441,1353,248,1696,5103,2094,6197,4306,111151,1002,164528,655952
"D300068:bin_000014",448027,9710,12840,1397441,614670,30107,364826,1127282,2832794,656177,590476,1261853
"D300068:bin_000017",407897,191308,4064,113248,619137,125819,2192541,1361339,447865,371307,777064,1109914
"D300068:bin_000018",37021,23544,5847,92728,40369,48304,135538,122179,158747,1625,65546,135308
"D300068:bin_000019",54662,16176,2122,21428,200032,59024,196872,141281,649716,37087,36229,901873
"D300068:bin_000023",15045,8384,1142,32269,15174,21220,22410,169793,304704,15261,107402,395240
"D300068:bin_000025",7063,3383,71,2757,5648,1580,11640,14976,2964,1727,8294,246235
"D300068:bin_000032",525770,1511051,208868,13050,23811,5721,19311,652361,60,657537,26907,253409
"D300068:bin_000033",510947,2331009,319976,614251,119290,26424,2034,76099,1183,396540,18146,869577
"D300068:bin_000034",1001,16108,78,4900,63811,34868,19500,23117,8166,1806,139525,164576
"D300068:bin_000037",375,343,195,400,505,21079,15242,1204,453,398,596,120611
"D300068:bin_000040",41103,45896,14121,78375,125897,16786,116453,26364,48254,74247,31962,190460
"D300068:bin_000041",29681,7530,7618,12753,33650,156242,86215,6342,30793,5485,20759,290113
"D300068:bin_000042",31926,6859,1202,26951,47782,110818,53532,39842,177586,33879,14071,354335
"D300068:bin_000043",1225,1556,107,2966,878,1014,44305,1885,17520,2410,1448,139586
"D300068:bin_000045",17625,8745,666,42011,22565,67211,79789,461754,14862,10627,19361,308620
"D300068:bin_000048",930,1423,21,1688,2129,21112,2175,33517,1341,260,3595,160397
"D300068:bin_000052",51991,10101,3685,21760,142640,210445,28104,29811,73271,51649,36998,1572725
"D300068:bin_000064",14219,9400,591,5750,9307,32524,4320,4130,68768,7593,91140,646742
"D300068:bin_000074",308114,6118,259,99195,245071,15342,580623,558135,9594,5409,385953,2673099
"TC1_40:bin_000002",217418,352348,101329,57646,15110,1688,104,12797,10720,155336,853,3820
"TC1_40:bin_000006",257037,400399,39499,220396,67004,45799,426807,418994,65740,360255,204532,77703
"TC1_40:bin_000013",3283,154683,18021212,3290,52504,1071,12242,14007,12863,8990,10748,577
"TC1_40:bin_000017",50573,2401077,525,1706,753,8653,9887,41057,4612,4647,647,3462
"TC1_40:bin_000018",644375,148083,25535,31849,8668,573164,705435,1386084,490231,179,265604,1138
"TC1_40:bin_000023",132265,413319,9675,24071,196837,98691,190112,182027,225401,21021,73728,44857
"TC1_40:bin_000027",517080,38698,635707,1032,12737,2038,88033,63815,33,850,50365,59969
"TC1_40:bin_000032",12994,119413,24488,5773,31378,2153,861,12006,24392,8372,3456,5357
"TC1_40:bin_000033",150958,138744,155127,46535,12694,3312,1633,28438,1163,113478,7755,1390
"TC1_40:bin_000036",10184,169774,12,359,29788,10868,6818,15143,13507,325,2900,6610
"TC1_40:bin_000037",682105,1906669,56302,170095,59077,119076,452680,455280,61000,545183,197464,97526
"TC1_40:bin_000038",995127,10381,7895,56017,406122,12040,99713,39315,33596,637187,230858,432024
"TC1_40:bin_000039",3391,64660,109523,1001,1401,1430,360,56,770,30,24,46
"TC1_40:bin_000041",1196,180581,302667,155,12790,2959,1114,2551,101,2097,32,479
"TC1_40:bin_000042",58153,46512,916501,996,26823,2090,4788,57600,8233,154666,126742,27820
"TC1_40:bin_000047",3374,1412679,1675,21551,3124,2506,4776,11663,3642,22022,6170,8552
"TC1_40:bin_000048",640820,1,1170,8062,30875,116929,127096,218788,197623,167778,8581,13927
"TC1_40:bin_000057",98627,51770,11149,52474,31610,13483,23210,13403,27641,41265,2880,55753
"TC1_40:bin_000058",300988,14280,3113,46107,89766,58072,102361,22195,181936,114320,132839,33449
"TC1_40:bin_000066",40223,146893,558,3729,394,2417,133623,562,967,1981,1185,2255
"TC1_40:bin_000067",10434,879,192753,10181,153,34,130,137,65,9321,65,58
"TC1_40:bin_000073",480,394366,282,478,311,196,471,417,1678,215,123,566
"TC1_40:bin_000086",87849,184821,4499,14162,3444,4202,1414,3915,2024,23148,1834,1929
"TC1_40:bin_000087",206871,18964,15340,6401,17328,3875,2545,9602,12940,315217,3692,4756
"TC1_40:bin_000090",14083,123189,143164,94670,75976,19878,25373,19335,2229,3712,3064,3586
"TC1_40:bin_000091",26441,141841,553,4602,9652,3160,12129,37336,14743,14149,11900,18593
"TC1_40:bin_000092",12816,50516,143567,26441,7960,3724,13268,16096,2454,23222,4314,3786
"TC1_40:bin_000093",2981,74527,62992,10162,48,35,11797,10852,32,72478,32,23
"TC1_40:bin_000095",40672,441775,29675,11165,53050,8289,19891,4369,227,422,62,189
"TC1_40:bin_000100",49617,299673,9895,19252,18126,28661,24816,14322,25810,40935,21552,31969
"TC1_40:bin_000101",32402,808922,2965,200855,159986,331458,49741,705940,16387,430740,471329,21546
"TC1_40:bin_000106",199083,149629,16491,11,0,2,2,195595,15,27,44600,2
"TC1_40:bin_000111",339386,7890,27,802,6985,9905,1025,21768,14041,3886,7152,19872
"TC1_40:bin_000112",257866,34879,31,771,2858,26716,4645,80439,43835,16981,30793,88570
"TC1_40:bin_000113",3300,171646,37940,35110,29441,3319,9864,5381,3196,3894,2841,4685
"TC1_40:bin_000121",237135,10293,2584,7490,5929,21621,10401,72407,5011,11364,2000,6343
"TC1_40:bin_000125",332988,58695,2485,302325,70206,38097,170625,98765,31663,329057,32926,125748
"TC2_40:bin_000001",69562,205842,122,10597,453120,14170,115382,21764,109042,406614,1212122,25854
"TC2_40:bin_000006",10318,2419,222,9196,746025,12017,12991,6812,8033,326224,7281,7943
"TC2_40:bin_000018",48788,69225,534,944325,4941,122887,18211,438915,5962,96289,51825,292583
"TC2_40:bin_000019",18631,2217,2518,210827,11086,59168,57385,34354,61408,68952,95419,85576
"TC2_40:bin_000021",24763,7232,764,485812,7144,15809,6784,20727,28840,25430,14293,9531
"TC2_40:bin_000036",7051,2181,124,409877,5194,3365,5493,11549,5256,6368,7779,15862
"TC2_40:bin_000038",4698,8878,605,5079,8690,2831682,3951,16939,17035,2713,6418,31679
"TC2_40:bin_000040",755,2155,991,356618,734,1696,939,3239,1690,8405,1202,591
"TC2_40:bin_000045",377,80383,49,74335,616,111055,91397,1374,360,490,895,722
"TC2_40:bin_000046",52701,139,6,717,207217,72,23,347,4962,58368,1232,342
"TC2_40:bin_000050",986,132,9,133267,14003,33441,93445,2025,2780,533,10999,794
"TC2_40:bin_000063",707,11730,1194,525,85,122877,97,22884,427356,1522,548,435266
"TC2_40:bin_000070",5258,22379,966,132037,4987,24508,17432,10284,154076,3998,5412,55162
"TC2_40:bin_000073",10525,8916,943,868324,32830,3615,4387,21353,8557,6162,8034,14156
"TC2_40:bin_000075",31485,23903,68523,27,96018,4334,5730,29297,1180,295,5207,54
"TC2_40:bin_000078",2344,6132,336,2331,8841,192776,159019,78670,104637,801,116702,5526
"TC2_40:bin_000090",76844,69679,514,257007,8620,6635,27828,4988,10462,70644,26118,162931
"TC2_40:bin_000098",9622,8006,514,65289,435,36001,451,6623,316,29,387,182
"TC2_40:bin_000099",1390,1334,388,67433,94055,3296,95038,4819,6477,1079,29905,65719
"TC2_40:bin_000105",9945,9348,39137,9937,205755,242574,104466,16696,1416793,11672,20110,570340
"TC2_40:bin_000110",1515,3214,2309,87376,48716,923,2438,2697,1516,1928,81174,685
"TC2_40:bin_000115",15252,1553,44,2136,9626,163997,179743,3225,94018,2807,7363,12535
"TC2_40:bin_000124",17442,6670,1706,3585,99797,93523,50896,117801,26547,43172,53032,27849
"TC2_40:bin_000130",46,184,0,83,339,119983,46638,4485,9497,365,1159,17408
"TC2_40:bin_000136",17,43,19,44877,142,29401,9385,1960,96,57,2795,30526
"TC2_40:bin_000142",48007,42127,10567,29436,67273,573177,35968,97044,183185,17497,62904,100819
"TC2_40:bin_000151",23395,45352,26085,34147,87907,1215,9624,27570,7380,4492,1868,8622
"TC2_40:bin_000157",123727,33686,5507,4209,199027,12428,18162,20843,15057,16211,19565,14523
"TC2_40:bin_000158",13971,146061,337,16143,19598,316914,50517,69677,107529,10087,186162,10816
"TC2_40:bin_000183",61307,21824,2081,16164,385423,13290,31506,46696,8345,16959,55835,19268
"TC3_40:bin_000003",65686,305719,299,1009,52284,115126,9332,9958,9793,122777,5424,482557
"TC3_40:bin_000004",923,1317,24,831,1823,554,3730,143406,76767,409,153,181773
"TC3_40:bin_000012",15165,21075,20303,10355,15702,1218,32160,29417,12140,21182,73267,12330
"TC3_40:bin_000016",88601,97061,1577,88903,36799,75808,111767,84439,68202,52726,5950,159297
"TC3_40:bin_000017",3589,2416,235,15686,29245,10212,8721,767072,6529,2346,48288,254201
"TC3_40:bin_000018",101,77,408,130,317,107,2965551,246,43,37,300,82
"TC3_40:bin_000019",11353,2227,335,49846,36952,149352,81259,26587,246569,14602,38166,238793
"TC3_40:bin_000020",133355,157673,52075,27957,115849,6400,157081,16964,28113,113067,57343,53583
"TC3_40:bin_000022",33799,14511,3548,96606,183859,49115,122924,30495,111451,90618,279411,105239
"TC3_40:bin_000024",642,924,81,209,678,1011,2650,146433,1029,375,201,560
"TC3_40:bin_000026",127,131,14,77,840,225,373922,1291,2873,221,6660,393
"TC3_40:bin_000027",941,425,22,579,98688,8448,199041,6538,767,104,416,788
"TC3_40:bin_000032",86337,162754,1731,21141,61491,59220,176401,75036,77944,1347,290145,109058
"TC3_40:bin_000034",584,295,76,1681,15372,1362,400174,79983,869,1161,93172,714
"TC3_40:bin_000035",13466,9128,289,2007,5912,5536,84484,623082,73321,1217,7328,6682
"TC3_40:bin_000036",124545,11720,5615,25877,2156,16730,3777,31662,40573,762957,6573,6740
"TC3_40:bin_000041",3001,5939,309,3491,8798,4583,151805,44230,23811,4947,11141,18288
"TC3_40:bin_000048",3102,764403,230007,778,685,2946,210956,2148,426265,731,528,482963
"TC3_40:bin_000050",14837,20112,67,275,3741,3906,933,269519,17532,18846,14227,2487
"TC3_40:bin_000051",46664,174485,2015,59578,34346,8268,38465,28781,20198,109979,44562,16218
"TC3_40:bin_000053",6817,17396,217,10652,8395,40129,14693,230927,1803,1139,494095,36048
"TC3_40:bin_000055",902,3390,30364,41036,2498,41180,48748,5820,59700,11926,1780,41245
"TC3_40:bin_000060",4983,9040,485,36966,4279,6146,4938,49852,3460,309951,2985,3990
"TC3_40:bin_000069",226178,22107,6966,71730,82985,221145,211763,76822,65188,98381,65360,539612
"TC3_40:bin_000071",8277,1569,291,1802,8175,33633,2768,74641,1502,4333,14125,127284
"TC3_40:bin_000072",1482,1485,73108,2179,5978,1041,263917,65902,5977,580,65379,519
"TC3_40:bin_000077",19971,3542,175,33212,13420,44822,136995,86977,2240,3406,25841,36768
"TC3_40:bin_000079",154,306,2778,192,283,29095,2766,142738,801,601,59910,15863
"TC3_40:bin_000080",42789,28395,2132,2710,77603,55727,41891,88963,118172,7375,57007,3406
"TC3_40:bin_000085",6010,31163,352,761,164040,5143,304775,90449,35439,3460,25922,11702
"TC3_40:bin_000093",403,1056,145,782,12134,66833,104331,49052,3015,335,3395,2524
"TC3_40:bin_000094",11278,127637,159657,24446,105969,1450,200511,90997,1733,1660,19956,48614
"TC3_40:bin_000103",81621,739,1767,1625,125463,99386,538,139717,16107,7049,70088,160937
"TC3_40:bin_000108",55,326,7,174,26,272,60,88692,57390,35,408,518
"TC3_40:bin_000110",1193,601,4,10455,2320,25311,447,7898,86629,2471,12106,70025
"TC3_40:bin_000115",2830,1921,307,4826,23040,37501,1237,58713,75717,691,149265,52770
"TC3_40:bin_000117",556,86,23,297,992,813,28919,102790,6808,829,266651,31784
"TC3_40:bin_000120",7325,11614,631,4764,5796,5394,4508,7508,398084,5701,32488,11713
"TC3_40:bin_000125",5397,549,526,94146,4918,64179,130011,35664,18489,6171,21029,24047
"TC3_40:bin_000126",2496,646,700,3850,2184,2400,341533,2204,2044,1498,69810,5025
"TC3_40:bin_000127",9046,72852,25624,20505,14633,14262,282241,14805,14234,3962,17770,32327
"TC3_40:bin_000131",5007,1956,39,15615,7559,89115,53377,60773,9278,56817,26353,32238
"TC3_40:bin_000133",948,78,32,707,91,1272,433825,306,802,520,481,974
"TC3_40:bin_000135",818,4029,14,249,226,24041,69,4388,1374,28,56774,87754
"TC3_40:bin_000136",1891,26780,528,2170,13403,23775,58161,57236,31857,1437,32550,29592
"TC3_40:bin_000142",10069,36,648,7092,79640,32471,47998,62062,28,9672,89015,68
"TC3_40:bin_000144",17434,1836,413,1026,921,1322,61774,6833,31205,821,39430,48275
"TC3_40:bin_000146",25,42,241,15714,23110,20701,48290,21344,43285,15143,22924,48584
"TC3_40:bin_000153",688,1940,187,361,7879,815,808,29016,5703,125,45116,45299
"TC3_40:bin_000157",37,72,23,13,258,47,98,66093,79,48,63,51053
"TC3_40:bin_000164",135,53411,8,478,142,870,1356,2155,291542,113229,700,6422
"TC3_40:bin_000165",749,715,215,24446,2668,3076,195180,8506,5414,1746,8915,16554
"TC3_40:bin_000169",287175,21413,10346,220374,163639,466515,72316,79576,2851001,476763,155009,444313
"TC3_40:bin_000176",696,123,7,856,62,24921,8000,82224,458,301,2708,19168
"TC3_40:bin_000180",1227,3423,1009,1208,2152,1255,353512,10790,1986,923,11442,9828
"TC3_40:bin_000181",1198,61703,108,6667,4459,30651,634,17520,1333,28440,2439,160987
"TC3_40:bin_000183",1741,4511,116,1752,2505,2190,5608,66475,426235,1486,9364,4709
"TC3_40:bin_000185",10251,935,231,105093,1292,21239,495,171810,4267,77,2318,76596
"TC3_40:bin_000187",6057,1625,87,13785,47927,37342,1541,111586,1319,3461,81742,70091
"TC3_40:bin_000188",549,338,37,277,481,340,30868,129686,2148,39,50387,184826
"TC3_40:bin_000192",17290,6471,700,22002,25543,27182,4119,202520,10580,5876,18697,17559
"TC3_40:bin_000193",6514,17089,680,96050,6715,1660,4838,213287,3256,1468,4212,9665
"TC3_40:bin_000194",23890,2623,430,2188,3247,1802,493916,13060,2949,7534,38427,3870
"TC3_40:bin_000197",2458,124,48,88,550,107078,141842,11109,1112,38,726,101671
"TC3_40:bin_000202",9851,42956,6616,14297,39645,20551,155601,23324,2432,12501,2942,9786
"TC3_40:bin_000203",5397,5178,107,10800,46356,2705,659,129059,7918,722,3122,103084
"TC3_40:bin_000210",69245,175227,16799,272953,75220,25492,197679,51680,114100,47593,175893,94994
"TC3_40:bin_000211",186,14373,10,480,376,341,479,212,159,125912,392,143
"TC3_40:bin_000212",63034,7045,1162,13176,18638,66140,9623,192673,60798,5916,32697,85833
"TC3_40:bin_000214",9628,6220,463,68414,17036,7996,2799,109866,9173,11923,54801,47729
"TC3_40:bin_000217",530,5605,34,1148,205,25812,385,3168,69126,196,85748,1656
"TC3_40:bin_000230",38263,14753,1137,19988,11480,21685,3306,17336,17840,25097,24912,7951
"TC3_40:bin_000234",4811,287,363,46494,21868,13907,37188,23899,892,766,31175,16463
"TC3_40:bin_000238",8821,15197,1015,6070,17247,12964,67060,37686,9167,2030,5130,123675
"TC3_40:bin_000246",54639,14388,684,34916,210249,147529,221818,2733252,157138,32009,316820,39658
"TC3_40:bin_000250",81878,50585,5381,58252,49281,48695,25670,275266,72504,37862,58108,34265
"TC3_40:bin_000256",58190,31654,1776,24536,45383,23714,169230,40027,11244,4365,106492,42534
"TC3_40:bin_000259",24745,30416,2334,14274,15304,12623,8209,26964,15171,7344,81789,415721
"TC3_40:bin_000266",1545,21358,280,13814,2125,11630,14134,7781,203694,456,4458,8954
"TC3_40:bin_000274",48338,109645,95114,96721,85226,14415,42113,71593,9700,186503,8066,13675
"TC3_40:bin_000276",2473,2610,874,3948,3362,2807,4406,457301,3626,823,8761,10489
"TC3_40:bin_000282",555,1489,26,886,1312,40482,9817,31148,916,150,14176,104832
"TC3_40:bin_000293",9698,20972,1216,14583,12594,8664,34468,16969,12376,4069,109382,6644
"TC3_40:bin_000294",1982,6795,744,5407,12037,20972,137527,15988,5349,3235,17628,3398
"TC3_40:bin_000301",883,2035,31,14600,2220,26460,152,52678,399,46,41857,9046
"TC3_40:bin_000312",4208,60697,2769,2021,4978,4870,82146,4611,534,27638,66845,32241
"TC3_40:bin_000318",92549,79538,13818,71527,117540,36252,36729,130074,62233,103567,58278,17200
"TC3_40:bin_000342",177985,331993,82046,129330,228816,21377,4763,1295683,34,206087,20800,91360
"TC3_40:bin_000345",10515,12329,3783,61550,37170,5965,77628,57665,8864,32335,35785,6764
"TC4_40:bin_000008",7182,6545,1038,16042,4277,4873,2903,3750,4872,10723,4588,3649
"TC4_40:bin_000010",933,2326,36,885,966,4065,15523,3906,84942,256,81037,453844
"TC4_40:bin_000011",132744,25032,5396,41005,58288,126679,68837,86872,317891,44836,35708,10729
"TC4_40:bin_000012",254567,1362748,253952,831256,92940,6787,10841,132436,17652,607599,17405,30986
"TC4_40:bin_000014",215093,92242,11767,61162,105035,9575,36799,138282,19650,35858,160478,12495
"TC4_40:bin_000015",10777,2336,121,8761,1511,2120,8616,22316,2014,2970,3628,1127
"TC4_40:bin_000017",4079,49433,112,9699,38748,12855,58859,83836,4298,1496,21448,12520
"TC4_40:bin_000027",5285,4998,425,14417,138217,33219,351461,136669,8364,4825,13151,13844
"TC4_40:bin_000028",95970,379101,617,5556,52708,12020,70963,1252,1582,78,130,76
"TC4_40:bin_000035",45522,3313,11468,3193,6027,64659,1690,5120,10939,10090,1971,27550
"TC4_40:bin_000038",339,385,22,533,365,511,2908,980,357,521,1055,409
"TC4_40:bin_000052",28761,213016,12370,191,27148,4488,23269,6164,1950,464,1866,938
"TC4_40:bin_000060",1337,3812,90,2386,3766,37863,3200,9435,87604,1462,3655,3085
"TC4_40:bin_000068",297731,15661,2168,233155,17384,6519,74350,71207,3181,215226,3190,6857
"TC4_40:bin_000072",1535,39653,34301,740,9099,3799,1636,768,48,24,6,18
"TC4_40:bin_000073",452,846,208,12379,88303,68616,48859,39894,23991,421,5866,63948
"TC4_40:bin_000076",2431,33069,24521,19478,15610,10717,87032,9530,10954,39200,64880,25153
"TC4_40:bin_000077",37263,57925,7170,14320,29686,3456,20639,21956,36512,97047,19963,12152
"TC4_40:bin_000079",19073,24897,7040,24142,12112,22504,13935,20396,15675,63443,7396,14975
"TC4_40:bin_000084",74882,43010,7787,23922,17864,3549,9568,7265,15443,56627,7051,3915
"TC4_40:bin_000085",5172,3478,21878,4596,4204,2371,1977,6248,7059,5900,4227,9757
"TC4_40:bin_000091",5516,54398,30,2551,3451,13152,32889,80726,1247,1065,29738,16731
"TC4_40:bin_000097",958,9646,352,1321,55711,2902,5822,7465,4947,7401,19347,4056
"TC4_40:bin_000099",91740,327268,9866,79255,12527,5602,91677,36245,46410,27234,3324,35897
"TC4_40:bin_000100",898,4169,35,777,106,812,1479,155,67125,1676,626,694
"TC4_40:bin_000105",2516,282308,4579,2882,3416,1518,34139,2988,377734,2377,3286,141269
"TC4_40:bin_000112",1844,84308,236,6480,1239,2958,14279,13142,2074,1092,4871,2956
"TC4_40:bin_000115",46601,91644,4079,38883,60525,117639,10279,186141,25925,70999,23754,23002
"TC4_40:bin_000120",46335,77510,6575,1851,74154,8226,69696,56238,21103,17466,26102,17363
"TC4_40:bin_000125",3804,28007,225,61532,11729,6767,45308,33483,10447,4916,6994,7849
"TC4_40:bin_000126",9548,8819,255,33693,16590,79156,54885,35126,42882,24646,148815,526012
"TC4_40:bin_000129",16657,3654,386,11820,1064,20810,13985,13777,6035,27081,46937,12707
"TC4_40:bin_000137",39687,175656,19231,16696,35487,13717,21931,45923,15293,14740,66384,69407
"TC4_40:bin_000138",14575,8689,1356,90187,56668,37879,157927,69377,65396,50230,90542,47572
"TC4_40:bin_000142",12241,148,6,248,90,1322,1781,2861,176,275,84,1192
"TC4_40:bin_000155",4913,115,60,292,11380,169,551,6489,151,80,3192,3338
"TC4_40:bin_000157",14110,5101,1481,1806,7852,25930,3548,31946,11554,7079,8247,25098
"TC4_40:bin_000159",5622,50178,15,7490,770,4359,1227,42886,10980,1346,2652,8141
"TC4_40:bin_000170",43375,110865,1565,135857,62266,41445,206348,186706,376860,13902,91495,59949
"TC4_40:bin_000190",15671,24116,3167,21729,18604,18316,23228,54491,66473,23949,45184,21170
